,Unnamed: 0,stock_ticker_symbol,market_capital
0,0,RS1.L,3723187712.0
1,1,KE,595865984.0
2,2,TEG.DE,2539239168.0
3,3,LEG.DE,6009704448.0
4,4,SCS,1588731392.0
5,5,HNI,2324179456.0
6,6,AVT,4910356480.0
7,7,ACCO,478198464.0
8,8,BRNK.DE,
9,9,VNA.DE,23204454400.0
10,10,7912.T,1255894548480.0
11,11,KEYS,25412880384.0
12,12,SGRO.L,12590565376.0
13,13,CBRE,30044205056.0
14,14,BRC,3316973824.0
15,15,PGRE,1260408064.0
16,16,PSON.L,6711785984.0
17,17,BBOX.L,4016220672.0
18,18,REL.L,65004974080.0
19,19,TMV.DE,1888384256.0
20,20,BHE,1508877184.0
21,21,PLXS,3269281792.0
22,22,GPE.L,1396265472.0
23,23,HAS,8446234624.0
24,24,CHGG,361848192.0
25,25,JLL,10937013248.0
26,26,LAND.L,4789668352.0
27,27,OLED,10669143040.0
28,28,CDW,31849637888.0
29,29,FLEX,12374888448.0
30,30,REZI,3218721792.0
31,31,TPL,18817611776.0
32,32,ARW,6705903104.0
33,33,FN,9135338496.0
34,34,NOVT,6537356288.0
35,35,RYN,4468653056.0
36,36,SNX,10059460608.0
37,37,7911.T,1409774911488.0
38,38,CMPR,2445576960.0
39,39,DLAR.L,188487536.0
40,40,2379.T,163799728128.0
41,41,6754.T,167266779136.0
42,42,SHA.DE,3563099904.0
43,43,TTMI,2189201664.0
44,44,3234.T,253913726976.0
45,45,PBI,1266435072.0
46,46,BYG.L,2389994496.0
47,47,ASGN,4752027136.0
48,48,COA.L,1400687104.0
49,49,HOUS,514425408.0
50,50,VVV,6074224640.0
51,51,PAGE.L,1368714752.0
52,52,DB1.DE,35254579200.0
53,53,AVB,29576110080.0
54,54,3309.T,354899886080.0
55,55,STWD,6635771904.0
56,56,GROW.L,684123392.0
57,57,MTO.L,1508880000.0
58,58,KFY,3712043264.0
59,59,MEI,492068896.0
60,60,BLND.L,3832082688.0
61,61,RGLD,9175026688.0
62,62,KFRC,1313108736.0
63,63,IWG.L,1736609152.0
64,64,8954.T,439392010240.0
65,65,ZIL2.DE,316800000.0
66,66,SANM,4024267776.0
67,67,SXS.L,3119840000.0
68,68,YETI,3395049472.0
69,69,ACN,203950637056.0
70,70,HPP,1576596096.0
71,71,7893.T,33569976320.0
72,72,SVS.L,1657687680.0
73,73,AGNC,7545523200.0
74,74,CTS,1640370048.0
75,75,IPG,11398205440.0
76,76,BMI,5786443776.0
77,77,FUTR.L,1225886976.0
78,78,EBOX.L,281958880.0
79,79,SCSC,1169486464.0
80,80,MAN,3539107840.0
81,81,7994.T,210581913600.0
82,82,3283.T,717673922560.0
83,83,PDM,1038206592.0
84,84,III.L,29586964480.0
85,85,NBS.L,1199587712.0
86,86,DSCV.L,702291776.0
87,87,6183.T,110527610880.0
88,88,KELYA,798385984.0
89,89,6724.T,895676383232.0
90,90,4384.T,62699929600.0
91,91,ST,6287323648.0
92,92,BRBY.L,2637743872.0
93,93,7984.T,300171427840.0
94,94,CCK,9423876096.0
95,95,APTV,19700011008.0
96,96,STEM.L,566434112.0
97,97,UU.L,6910935040.0
98,98,ITRI,4721796096.0
99,99,6287.T,72365277184.0
100,100,INF.L,11354112000.0
101,101,4218.T,39136124928.0
102,102,HMSO.L,1438902528.0
103,103,WDC,23441229824.0
104,104,7313.T,253278257152.0
105,105,EBF,614781440.0
106,106,TNET,5545837568.0
107,107,6098.T,14333177233408.0
108,108,MLKN,2106897152.0
109,109,HLMA.L,9904957440.0
110,110,SKG.L,
111,111,WPP.L,7831028224.0
112,112,JBL,13037099008.0
113,113,3279.T,294267387904.0
114,114,JEN.DE,1583205888.0
115,115,LXP,2989778176.0
116,116,TRMB,14200695808.0
117,117,WKP.L,1192338688.0
118,118,6028.T,299320049664.0
119,119,NLY,10218984448.0
120,120,KGF.L,5000485376.0
121,121,RMAX,310041376.0
122,122,7951.T,591701147648.0
123,123,7846.T,176294379520.0
124,124,SBAC,23016439808.0
125,125,KRG,5307057152.0
126,126,ATR,9598945280.0
127,127,ELME,1436226816.0
128,128,DNLM.L,2236332032.0
129,129,BDEV.L,4805713408.0
130,130,TEP.L,1403660032.0
131,131,ESRT,3041242624.0
132,132,CGNX,8880074752.0
133,133,ZBRA,16757068800.0
134,134,DLX,1062825088.0
135,135,BWA,7787503104.0
136,136,ELV,121073508352.0
137,137,NYT,8756133888.0
138,138,SNWS.L,141303248.0
139,139,INS.DE,395535328.0
140,140,INCH.L,3419591680.0
141,141,NWSA,16082940928.0
142,142,AT1.DE,2299966720.0
143,143,MKSI,8908924928.0
144,144,7914.T,29752397824.0
145,145,MMI,1461554688.0
146,146,EXPN.L,32063787008.0
147,147,GRI.L,1815767808.0
148,148,SNBR,243805376.0
149,149,SMWH.L,1620690560.0
150,150,IR,39565279232.0
151,151,ITV.L,3299851264.0
152,152,LAD,7383037440.0
153,153,HSII,702217984.0
154,154,CUZ,3791778048.0
155,155,LIN,215980900352.0
156,156,PHP.L,1277529984.0
157,157,NL,325719456.0
158,158,BALL,19218604032.0
159,159,2146.T,134183632896.0
160,160,DHR,186097598464.0
161,161,KIM,14540681216.0
162,162,8057.T,78156750848.0
163,163,6841.T,1052050653184.0
164,164,MAC,3617888000.0
165,165,ECOR.L,159232096.0
166,166,SWBI,708905856.0
167,167,8151.T,37097984000.0
168,168,CNNE,1211507328.0
169,169,PLD,114073231360.0
170,170,REXR,11097714688.0
171,171,IPGP,4121643520.0
172,172,RHI,7072484352.0
173,173,6845.T,607868157952.0
174,174,7868.T,81987780608.0
175,175,CDP,3063115776.0
176,176,AAP,3842061056.0
177,177,HEAD.L,115521560.0
178,178,GOLF,4280534016.0
179,179,HAS.L,1482655360.0
180,180,LSL.L,340696896.0
181,181,7272.T,1527618863104.0
182,182,RCH.L,317723968.0
183,183,ATGE,2934435072.0
184,184,7701.T,1262294269952.0
185,185,SAP.DE,213906554880.0
186,186,GWI.L,675929536.0
187,187,POOL,12894957568.0
188,188,AZO,50976956416.0
189,189,ZWS,5431320576.0
190,190,GTX,2201142528.0
191,191,LKQ,12279699456.0
192,192,2154.T,189853040640.0
193,193,MIDW.L,377384032.0
194,194,HPQ,37292920832.0
195,195,AZEK,6420298240.0
196,196,ADV.DE,1004651840.0
197,197,VRE,1605078400.0
198,198,NSIT,7186367488.0
199,199,KMX,12938949632.0
200,200,OXIG.L,1456700672.0
201,201,CDNS,78490517504.0
202,202,CAH,23375126528.0
203,203,VNT,6313415680.0
204,204,VTR,21627076608.0
205,205,QUAD,323574976.0
206,206,COR,44340531200.0
207,207,REG,12334930944.0
208,208,7976.T,148735606784.0
209,209,API.L,205858256.0
210,210,STAA,2173068544.0
211,211,JOUT,399072384.0
212,212,PNN.L,1847818368.0
213,213,ENR.DE,20100831232.0
214,214,WSM,19302688768.0
215,215,WIX.L,340452992.0
216,216,A,38950092800.0
217,217,EQR,26402977792.0
218,218,PFG,20499224576.0
219,219,8952.T,749847248896.0
220,220,PTEC.L,1675811328.0
221,221,SPGI,153280315392.0
222,222,FOXT.L,199708288.0
223,223,HPE,27046131712.0
224,224,8976.T,284276555776.0
225,225,2124.T,113782751232.0
226,226,4641.T,52592713728.0
227,227,LZB,1789150464.0
228,228,CWC.DE,690201152.0
229,229,AAD.DE,572549696.0
230,230,STX,22029946880.0
231,231,ESS,18875555840.0
232,232,AMAT,182212460544.0
233,233,AMH,15166651392.0
234,234,AG1.DE,1507890944.0
235,235,LEA,7038847488.0
236,236,7762.T,260889051136.0
237,237,ANIK,419387744.0
238,238,PKE,288408416.0
239,239,HIW,3100574464.0
240,240,MAA,17307684864.0
241,241,RDFN,1009529920.0
242,242,PSM.DE,1599368448.0
243,243,4848.T,53665374208.0
244,244,HLE.DE,9488879616.0
245,245,5108.T,4278384066560.0
246,246,RELL,177766080.0
247,247,3107.T,273417224192.0
248,248,PSA,54471233536.0
249,249,AY,2558982912.0
250,250,7476.T,225138065408.0
251,251,ORLY,61463650304.0
252,252,LOW,138492690432.0
253,253,ALV.DE,102953721856.0
254,254,BBSI,899322688.0
255,255,DLB,7788542464.0
256,256,OPEN,1881086720.0
257,257,RSW.L,2705169152.0
258,258,SMDS.L,6099025408.0
259,259,7613.T,62326239232.0
260,260,LMP.L,4124871680.0
261,261,O5G.DE,7098591744.0
262,262,CCI,45898665984.0
263,263,DLN.L,2562480640.0
264,264,ALV,8688658432.0
265,265,LITE,3880915968.0
266,266,MNDI.L,6943355904.0
267,267,8084.T,62573051904.0
268,268,AMBP,2151543552.0
269,269,BXP,12079675392.0
270,270,EXLS,5594364416.0
271,271,8022.T,201500966912.0
272,272,HFD.L,323139200.0
273,273,BDN,824189248.0
274,274,8060.T,599760764928.0
275,275,MTH,6901336576.0
276,276,XRAY,5718158336.0
277,277,FL,2505291264.0
278,278,HAE,4605650432.0
279,279,BRX,7384838656.0
280,280,6701.T,3637110898688.0
281,281,MTD,29435623424.0
282,282,MSI,65665712128.0
283,283,FME.DE,10650891264.0
284,284,DLR,51924844544.0
285,285,SAFE.L,1769744768.0
286,286,LRCX,126515453952.0
287,287,7864.T,129285324800.0
288,288,FOXA,16876169216.0
289,289,LEG,1723702912.0
290,290,HLCL.L,290228064.0
291,291,FARO,340328544.0
292,292,3466.T,277024407552.0
293,293,SAX.DE,3559632640.0
294,294,9468.T,382680694784.0
295,295,4732.T,663396548608.0
296,296,KBX.DE,11815960576.0
297,297,JDG.L,753790976.0
298,298,IRM,29084655616.0
299,299,BOSS.DE,2585346816.0
300,300,NSP,3826928384.0
301,301,G1A.DE,6754503168.0
302,302,RDW.L,2340197632.0
303,303,RNW,2034771200.0
304,304,FRT,9181691904.0
305,305,MODG,2889391872.0
306,306,PINE.L,298370944.0
307,307,SPG,58054660096.0
308,308,MPX,362089472.0
309,309,6702.T,4875011751936.0
310,310,1925.T,2743556898816.0
311,311,BSL.DE,323351136.0
312,312,IVT,1810212864.0
313,313,TBCG.L,1656521856.0
314,314,HBH.DE,1276065920.0
315,315,PAG,10766899200.0
316,316,JD.L,6046132224.0
317,317,6448.T,817987190784.0
318,318,AMT,99521708032.0
319,319,ESCA,204597216.0
320,320,BKG.L,5135343104.0
321,321,IGT,4351261696.0
322,322,CRMT,437730304.0
323,323,BCYC,1609634432.0
324,324,TPX,9297617920.0
325,325,6915.T,36451102720.0
326,326,TMO,211875282944.0
327,327,9934.T,226150318080.0
328,328,WAT,18648928256.0
329,329,AN,7207703552.0
330,330,THRM,1671483648.0
331,331,PETS.L,1389182336.0
332,332,GPC,20067414016.0
333,333,RWA.L,282195008.0
334,334,MNRO,755801920.0
335,335,3462.T,697849610240.0
336,336,UDMY,1330473728.0
337,337,HD,368771366912.0
338,338,EGP,8934619136.0
339,339,NWL,2798184960.0
340,340,SPT.L,1041903424.0
341,341,6981.T,7095979081728.0
342,342,CSCO,195477864448.0
343,343,HASI,3730990592.0
344,344,RWS.L,674753984.0
345,345,6436.T,295572209664.0
346,346,ASCL.L,732410368.0
347,347,OKTA,16181659648.0
348,348,MOV,577676928.0
349,349,UDR,15707839488.0
350,350,PMT,1293245568.0
351,351,CMLS,36135612.0
352,352,G24.DE,5325589504.0
353,353,JNPR,12089553920.0
354,354,RDWR,757178688.0
355,355,8967.T,246263218176.0
356,356,8159.T,76892512256.0
357,357,HST,13480147968.0
358,358,AGR.L,1261570048.0
359,359,3295.T,209664000000.0
360,360,8960.T,450844852224.0
361,361,8035.T,16621274923008.0
362,362,2181.T,580739465216.0
363,363,SBRA,3840518656.0
364,364,ICG.L,6120709632.0
365,365,EQIX,76222562304.0
366,366,ADNT,2285112320.0
367,367,TEL,48093110272.0
368,368,BIG.L,412573568.0
369,369,CI,97937350656.0
370,370,7734.T,196311515136.0
371,371,TBI,346659264.0
372,372,SREI.L,222545504.0
373,373,UTG.L,4141424896.0
374,374,HOG,4865081856.0
375,375,UTMD,256481584.0
376,376,SVT.L,7556850176.0
377,377,DRH,1831618944.0
378,378,BFSA.DE,1274481664.0
379,379,7906.T,178062082048.0
380,380,DHL.DE,47475396608.0
381,381,DFS.L,271607040.0
382,382,8984.T,569792004096.0
383,383,FTDR,2924915200.0
384,384,SUPR.L,929694976.0
385,385,IFX.DE,45315387392.0
386,386,WLY,2624977920.0
387,387,AOX.DE,624966976.0
388,388,JBGS,1478174848.0
389,389,GPI,4242148096.0
390,390,CLMB,305369664.0
391,391,BAH,20228169728.0
392,392,ETD,789547712.0
393,393,ARE,22573899776.0
394,394,LVWR,1720943104.0
395,395,SSP,298011104.0
396,396,TW.L,5520458240.0
397,397,SMTC,2136148352.0
398,398,AGYS,2949404672.0
399,399,SDRY.L,3270419.0
400,400,SEE,5365912576.0
401,401,SLG,4016101888.0
402,402,NVDA,2902353510400.0
403,403,7867.T,288151601152.0
404,404,WTS,6558343680.0
405,405,AKAM,14803688448.0
406,406,NCC.L,463882112.0
407,407,SKT,3075006464.0
408,408,3282.T,233794256896.0
409,409,IBM,172192137216.0
410,410,3421.T,29811834880.0
411,411,6200.T,74628718592.0
412,412,EA,39063048192.0
413,413,TSCO,30059585536.0
414,414,ACRE,414251680.0
415,415,CEC.DE,1358618752.0
416,416,PANW,107546935296.0
417,417,ADS.DE,41691189248.0
418,418,AV.L,12817199104.0
419,419,MCK,75499585536.0
420,420,RTO.L,11455134720.0
421,421,VID.L,279777568.0
422,422,5988.T,83813130240.0
423,423,AL,5561667584.0
424,424,QCOM,213825601536.0
425,425,BCPT.L,584391168.0
426,426,GWRE,11636512768.0
427,427,LEVI,7353805824.0
428,428,3451.T,52553117696.0
429,429,NDAQ,36604080128.0
430,430,8141.T,31152668672.0
431,431,QGEN,9424060416.0
432,432,TM17.L,437412000.0
433,433,8986.T,245503131648.0
434,434,DWNI.DE,7279788032.0
435,435,GAW.L,3390750464.0
436,436,KRC,4254832384.0
437,437,BIRK,10172818432.0
438,438,CRI,2300141824.0
439,439,PAG.L,1566103296.0
440,440,2715.T,86437429248.0
441,441,TPR,9786032128.0
442,442,FOSL,68813160.0
443,443,CCEP,33989265408.0
444,444,RWI.L,539723968.0
445,445,ILM1.DE,439208128.0
446,446,ACLS,4383429120.0
447,447,COMM,362993664.0
448,448,JAKK,208025344.0
449,449,HQI,185920000.0
450,450,CAR,3997120512.0
451,451,FRE.DE,16908375040.0
452,452,HAYW,2902731520.0
453,453,8968.T,127200796672.0
454,454,HOFT,165253632.0
455,455,3249.T,326918766592.0
456,456,6861.T,17876591312896.0
457,457,CNH,13404735488.0
458,458,IPO.L,431889536.0
459,459,CURY.L,868820160.0
460,460,ANET,105503055872.0
461,461,7718.T,74420977664.0
462,462,BNR.DE,9353260032.0
463,463,CCC.L,3152574464.0
464,464,LOPE,4527671296.0
465,465,STAG,7193551872.0
466,466,7282.T,357964906496.0
467,467,G,6121085952.0
468,468,8957.T,154363117568.0
469,469,8955.T,328071577600.0
470,470,VNO,6126276096.0
471,471,7944.T,109288939520.0
472,472,RXRX,2241415680.0
473,473,CNXN,1768720384.0
474,474,MKTX,8512022528.0
475,475,CREI.L,339454496.0
476,476,WPC,13138252800.0
477,477,AMD,257688289280.0
478,478,ELS,13486688256.0
479,479,AKR,2209628928.0
480,480,DOX,9723117568.0
481,481,TGNA,2759473408.0
482,482,SNPS,87391346688.0
483,483,VICI,32202969088.0
484,484,HWDN.L,5135189504.0
485,485,KNOS.L,1323752704.0
486,486,9983.T,12998877904896.0
487,487,BBY,19233060864.0
488,488,MRL.L,417169504.0
489,489,MHK,8428013568.0
490,490,GPMT,162290672.0
491,491,FERG,42486013952.0
492,492,STVG.L,124119928.0
493,493,USFD,13134215168.0
494,494,RL,10633823232.0
495,495,INVP.L,3825810432.0
496,496,FRA.DE,4351629824.0
497,497,MOTR.L,120804744.0
498,498,BMY.L,576580352.0
499,499,COLD,8100922368.0
500,500,ADBE,249674121216.0
501,501,PARA,8317237760.0
502,502,THRY,673619008.0
503,503,ETWO,1428980736.0
504,504,8173.T,72096219136.0
505,505,GYC.DE,1942452224.0
506,506,TTEK,10749747200.0
507,507,CENT,2420799744.0
508,508,LOVE,458895264.0
509,509,PK,3205301504.0
510,510,AAT,1891437696.0
511,511,6645.T,1126950240256.0
512,512,DECK,22634156032.0
513,513,ITI,209718976.0
514,514,6866.T,114581389312.0
515,515,7433.T,97580826624.0
516,516,KBH,6070450688.0
517,517,MSFT,3296377962496.0
518,518,8818.T,90517356544.0
519,519,CPT,12034193408.0
520,520,EXR,36994887680.0
521,521,PLCE,102301016.0
522,522,JBHT,16913987584.0
523,523,7752.T,871797751808.0
524,524,NTAP,26223290368.0
525,525,ABM,3374171136.0
526,526,AMS.L,497484544.0
527,527,CNXC,4532526080.0
528,528,FGP.L,1059540416.0
529,529,7309.T,2282284384256.0
530,530,8014.T,91912052736.0
531,531,HL.L,5169987072.0
532,532,FBRT,1114252032.0
533,533,7593.T,62689394688.0
534,534,HELE,1412371456.0
535,535,FIS,42975952896.0
536,536,ABG,5160855552.0
537,537,PRU.L,19669995520.0
538,538,VFC,6282850816.0
539,539,SITC,3268973568.0
540,540,MSCI,39928995840.0
541,541,FIGS,1043497664.0
542,542,KLIC,2808127232.0
543,543,LULU,36585582592.0
544,544,VOD.L,18811291648.0
545,545,CABO,2118168320.0
546,546,8953.T,640200671232.0
547,547,SRE.L,1447396352.0
548,548,8154.T,151038705664.0
549,549,ANSS,27956080640.0
550,550,CTEC.L,5103976960.0
551,551,7780.T,105680560128.0
552,552,ORA,4556400640.0
553,553,NTGR,459615680.0
554,554,SUI,16730613760.0
555,555,SIG,3907958016.0
556,556,HSIC,9119792128.0
557,557,CRUS,7416284672.0
558,558,COLM,4755934720.0
559,559,8130.T,175034187776.0
560,560,ALFA.L,542033088.0
561,561,6430.T,57061220352.0
562,562,ORCL,383781044224.0
563,563,OMC,17922727936.0
564,564,CIEN,7245605376.0
565,565,8897.T,74201202688.0
566,566,KTB,3881280512.0
567,567,HLN.L,30556676096.0
568,568,3471.T,265391996928.0
569,569,SMP,705487424.0
570,570,DJCO,607476800.0
571,571,ALGM,6158455808.0
572,572,CTRE,3831465984.0
573,573,9332.T,28340860928.0
574,574,4849.T,109716389888.0
575,575,CRM,243432177664.0
576,576,MCO,83278831616.0
577,577,4902.T,232654716928.0
578,578,3132.T,396442861568.0
579,579,HUBS,24480296960.0
580,580,3493.T,81400078336.0
581,581,VEEV,29409347584.0
582,582,TPT.L,85745936.0
583,583,7483.T,79684861952.0
584,584,AMCR,14930362368.0
585,585,FCPT,2493174016.0
586,586,RRTL.DE,4665501696.0
587,587,HTG.DE,244054992.0
588,588,FNKO,498201792.0
589,589,GBF.DE,1866718080.0
590,590,8150.T,26652225536.0
591,591,TRNO,6388272128.0
592,592,SAFE,1622291200.0
593,593,RITM,5608345088.0
594,594,MUV2.DE,61687177216.0
595,595,8876.T,267779178496.0
596,596,RESI.L,93322160.0
597,597,9602.T,868189011968.0
598,598,GCI,718558720.0
599,599,HWG.L,566910720.0
600,600,BYIT.L,1190582784.0
601,601,GLPI,13363278848.0
602,602,DAN,1803339776.0
603,603,APD,60127105024.0
604,604,RDUS,503589408.0
605,605,ARLO,1668605952.0
606,606,SIX2.DE,2889369600.0
607,607,ZM,18278268928.0
608,608,OMF,6295962624.0
609,609,OI,1818833024.0
610,610,8283.T,268732481536.0
611,611,BVB.DE,415569408.0
612,612,GEN,16142044160.0
613,613,ARI,1560938752.0
614,614,8972.T,642491351040.0
615,615,8951.T,983172251648.0
616,616,CWH,1052884288.0
617,617,PEB,1705131520.0
618,618,4307.T,2650674298880.0
619,619,SVC,1011136000.0
620,620,HAG.DE,
621,621,NOEJ.DE,572248704.0
622,622,COP.DE,813649280.0
623,623,4194.T,310476537856.0
624,624,RF,20248936448.0
625,625,HRB,7851353088.0
626,626,MAT,5745785856.0
627,627,LASR,617396288.0
628,628,6703.T,94490689536.0
629,629,DT,12918717440.0
630,630,7947.T,198781714432.0
631,631,3002.T,93242875904.0
632,632,FR,6994760192.0
633,633,2760.T,127526772736.0
634,634,NOW,151175528448.0
635,635,XPER,377438112.0
636,636,V,557971472384.0
637,637,DIS,177400020992.0
638,638,7250.T,91689574400.0
639,639,7990.T,48278458368.0
640,640,CRST.L,650540160.0
641,641,3738.T,177229447168.0
642,642,SCHL,1070970432.0
643,643,AGS,456582528.0
644,644,3487.T,90326032384.0
645,645,7552.T,73679855616.0
646,646,ZAL.DE,6275348480.0
647,647,9882.T,107439448064.0
648,648,MFA,1190276096.0
649,649,INTC,146691735552.0
650,650,HOLI,1581116416.0
651,651,ADP,102015787008.0
652,652,MET,54173351936.0
653,653,HIG,31066105856.0
654,654,CIM,1257793024.0
655,655,ZTS,83068510208.0
656,656,CALX,2416562176.0
657,657,8111.T,420384735232.0
658,658,VPG,449358752.0
659,659,ADSK,53916037120.0
660,660,7220.T,127697895424.0
661,661,JUP.L,433395872.0
662,662,TT,75927519232.0
663,663,4298.T,58620743680.0
664,664,VSCO,1491599744.0
665,665,MIR,2586542848.0
666,666,FND,10059127808.0
667,667,WY,22227728384.0
668,668,KW,1481176576.0
669,669,7741.T,7272277213184.0
670,670,CTSH,37140762624.0
671,671,SHO,2197642496.0
672,672,HABA.DE,540932928.0
673,673,3281.T,649439019008.0
674,674,SFQ.DE,862491712.0
675,675,CSR,1114429056.0
676,676,ANF,7961183744.0
677,677,ADC,6798579712.0
678,678,9832.T,123430813696.0
679,679,R,5901986304.0
680,680,AEO,4026814976.0
681,681,TLX.DE,18334259200.0
682,682,6856.T,530490621952.0
683,683,8961.T,252047998976.0
684,684,ZUMZ,456984992.0
685,685,AXL,873418752.0
686,686,VAR1.DE,443900096.0
687,687,6674.T,292082352128.0
688,688,AON,65327149056.0
689,689,SYY,37373550592.0
690,690,WOSG.L,964508800.0
691,691,DXC,3563997184.0
692,692,CASS,628428864.0
693,693,CROX,8072825856.0
694,694,XHR,1589737088.0
695,695,CLDT,459510880.0
696,696,6460.T,535993942016.0
697,697,ARCB,2837801216.0
698,698,NOVA,903828800.0
699,699,TER,23783663616.0
700,700,ABDP.L,484339968.0
701,701,OMI,1132954624.0
702,702,2475.T,37333929984.0
703,703,SPTN,679530560.0
704,704,FDM.L,461522624.0
705,705,3076.T,113946959872.0
706,706,CNC,36181876736.0
707,707,WEYS,319766304.0
708,708,EBAY,27399161856.0
709,709,BERY,7302152192.0
710,710,MRVL,58800209920.0
711,711,ROIC,1716805376.0
712,712,MLAB,606942784.0
713,713,AVY,17951326208.0
714,714,GSK.L,62334365696.0
715,715,5970.T,82539175936.0
716,716,MMS,5551191552.0
717,717,SCI,10932549632.0
718,718,TDC,3381599232.0
719,719,TJX,128803201024.0
720,720,6857.T,4697039044608.0
721,721,ULTA,19108986880.0
722,722,O,50182709248.0
723,723,BNL,3438294272.0
724,724,OSIS,2543495680.0
725,725,CPI.L,357058432.0
726,726,3591.T,242486886400.0
727,727,BR,24574349312.0
728,728,CVLT,5337896448.0
729,729,NFLX,278991175680.0
730,730,BSY,14928000000.0
731,731,8008.T,41668521984.0
732,732,MA,419405103104.0
733,733,SEDG,1596465280.0
734,734,6758.T,18491534999552.0
735,735,5991.T,359719436288.0
736,736,SONO,1748881152.0
737,737,ETSY,7594798080.0
738,738,WOOF,1018260160.0
739,739,PVH,5856690176.0
740,740,COO,18111954944.0
741,741,IDS.L,3215812096.0
742,742,WHR.L,362407328.0
743,743,7974.T,10274438381568.0
744,744,AHT.L,23632986112.0
745,745,BYW6.DE,515673216.0
746,746,VRA,203465824.0
747,747,ICLR,27640995840.0
748,748,NXST,5963879936.0
749,749,NXT,7027311616.0
750,750,URI,48603762688.0
751,751,CPRT,50992173056.0
752,752,6737.T,102467985408.0
753,753,CYBR,11547783168.0
754,754,DELL,88533868544.0
755,755,ASO,4139997952.0
756,756,VSTO,2215017984.0
757,757,SHOO,3246985472.0
758,758,BNZL.L,10747134976.0
759,759,LCII,2942760192.0
760,760,GLOB,8463323136.0
761,761,WCC,8932951040.0
762,762,8964.T,237499006976.0
763,763,DOCS.L,686589568.0
764,764,8056.T,457154854912.0
765,765,7832.T,2111310528512.0
766,766,1435.T,16808345600.0
767,767,ABDN.L,2973043200.0
768,768,6417.T,390110412800.0
769,769,S92.DE,895259968.0
770,770,SDR.L,5852721152.0
771,771,DEA,1438003712.0
772,772,DX,936088704.0
773,773,GT,3487415808.0
774,774,3186.T,173668581376.0
775,775,PATH,7199819264.0
776,776,TW,23539374080.0
777,777,NRR.L,242708544.0
778,778,NSSC,1985958272.0
779,779,6744.T,149060780032.0
780,780,2733.T,121362309120.0
781,781,3226.T,321215135744.0
782,782,4324.T,1064488009728.0
783,783,HVT,438693760.0
784,784,GHC,3485372416.0
785,785,RGEN,7392940032.0
786,786,WSR,712065792.0
787,787,9104.T,1747325026304.0
788,788,MMSI,5034277888.0
789,789,ITRK.L,7514404352.0
790,790,7419.T,154571849728.0
791,791,ESTC,11751134208.0
792,792,6745.T,57976791040.0
793,793,4062.T,973806895104.0
794,794,LRN,3080614144.0
795,795,9474.T,49637912576.0
796,796,ODFL,43170181120.0
797,797,VTU.L,244994256.0
798,798,AZTA,2980097536.0
799,799,DORM,3164182784.0
800,800,EPR,3365160704.0
801,801,BURL,15745873920.0
802,802,1928.T,2510044790784.0
803,803,PSDL.L,144628160.0
804,804,6471.T,404288274432.0
805,805,WBA,10229809152.0
806,806,THRL.L,493708672.0
807,807,BOOT,3721457664.0
808,808,GWW,47896027136.0
809,809,POWW,213333984.0
810,810,3003.T,1147880996864.0
811,811,2692.T,87286562816.0
812,812,DE,106130268160.0
813,813,GPK,8628815872.0
814,814,CPS,260561808.0
815,815,INVH,21898162176.0
816,816,BFAM,6918160896.0
817,817,7508.T,73497583616.0
818,818,VVI,818295168.0
819,819,SIRI,14617193472.0
820,820,RBBN,671292608.0
821,821,TTWO,26227849216.0
822,822,3668.T,82924437504.0
823,823,GIII,1194428672.0
824,824,GBG.L,849560192.0
825,825,VOYA,7360235520.0
826,826,IQV,41958838272.0
827,827,DDOG,40527900672.0
828,828,CCO,855237248.0
829,829,MRVI,2340383232.0
830,830,CACI,9956011008.0
831,831,WMG,16417873920.0
832,832,NG.L,44922404864.0
833,833,AAN,314277344.0
834,834,BATRK,2732671232.0
835,835,JCI,47056269312.0
836,836,TPE.DE,314504992.0
837,837,2120.T,21375164416.0
838,838,GPS,8607788032.0
839,839,JST.DE,631014976.0
840,840,ESP.L,569066560.0
841,841,2429.T,39702888448.0
842,842,CVNA,15641661440.0
843,843,DH,694637120.0
844,844,EXPD,17064653824.0
845,845,CSGS,1319245824.0
846,846,NNN,8461556224.0
847,847,INN,667544640.0
848,848,NMRK,2870742528.0
849,849,PYCR,2339897344.0
850,850,BGEO.L,2021697792.0
851,851,TPK.L,1919707264.0
852,852,HBI,1930080896.0
853,853,KLAC,105254821888.0
854,854,6902.T,7527587119104.0
855,855,GCO,327393792.0
856,856,CLAR,244342528.0
857,857,NYMT,624910400.0
858,858,MER.L,370979968.0
859,859,PCOR,10327618560.0
860,860,HIBB,1044135744.0
861,861,EOAN.DE,32319293440.0
862,862,7296.T,116898201600.0
863,863,3092.T,1275701493760.0
864,864,RVTY,13990297600.0
865,865,XPP.L,353806080.0
866,866,HLT,54957608960.0
867,867,8987.T,161047035904.0
868,868,2784.T,429238059008.0
869,869,BKE,2063130496.0
870,870,YOU.DE,586051712.0
871,871,DHC,808533632.0
872,872,6859.T,67684904960.0
873,873,SFIX,583566592.0
874,874,AZPN,12588319744.0
875,875,SRT3.DE,14920086528.0
876,876,RHP,6360959488.0
877,877,SMHN.DE,1127814528.0
878,878,VRSK,39829155840.0
879,879,4544.T,145854365696.0
880,880,UAA,2983238912.0
881,881,IDXX,41002115072.0
882,882,PSN.L,4802412544.0
883,883,CRTO,2239156224.0
884,884,3231.T,754775556096.0
885,885,CPRI,4072216576.0
886,886,9843.T,1947196719104.0
887,887,BLD,14091104256.0
888,888,CIO,235704560.0
889,889,DAVA,1848032000.0
890,890,RGP,370868288.0
891,891,FTNT,45156376576.0
892,892,FFIV,10574668800.0
893,893,SPX.L,6586748928.0
894,894,STRA,2929888000.0
895,895,9470.T,43059097600.0
896,896,COHU,1601862400.0
897,897,WW,104550216.0
898,898,PSTG,19718936576.0
899,899,6762.T,4192270548992.0
900,900,HEAR,339197760.0
901,901,TPH,4240993792.0
902,902,LTC,1591199616.0
903,903,PCTN.L,393093376.0
904,904,3765.T,165475172352.0
905,905,8966.T,152825692160.0
906,906,FOXF,2114498816.0
907,907,EVLV,541621952.0
908,908,OSPN,501831328.0
909,909,OSUR,329118848.0
910,910,MCW,2453829120.0
911,911,FTK.DE,1417225088.0
912,912,PYPL,64060104704.0
913,913,PAR,1783513088.0
914,914,3104.T,54312853504.0
915,915,9735.T,1989245796352.0
916,916,CWK,2903431936.0
917,917,JUST.L,1155034368.0
918,918,EYE,1113209344.0
919,919,FDS,16772216832.0
920,920,VTY.L,4424093184.0
921,921,FRPH,579729600.0
922,922,SYF,20968628224.0
923,923,PFGC,10332504064.0
924,924,AEWU.L,141631952.0
925,925,PCH,3402950912.0
926,926,AGCO,7669392384.0
927,927,RWT,989825920.0
928,928,AVTR,14549877760.0
929,929,VIAV,1741256448.0
930,930,ZS,29463472128.0
931,931,FOUR.L,1731907584.0
932,932,MCG.L,343581120.0
933,933,TLYS,188913088.0
934,934,OMCL,1316167552.0
935,935,3292.T,284396912640.0
936,936,IHRT,183877200.0
937,937,SITE,6340092416.0
938,938,LESL,753751488.0
939,939,SOHO.L,224275616.0
940,940,CERT,2661918208.0
941,941,EQC,2069721472.0
942,942,HBAN,20927170560.0
943,943,WAF.DE,2177999872.0
944,944,9729.T,75388944384.0
945,945,DGE.L,55692460032.0
946,946,PRDO,1531164672.0
947,947,OSW,1744535168.0
948,948,SBS.DE,516625760.0
949,949,BXMT,3426548224.0
950,950,IRT,4449483776.0
951,951,7239.T,70481739776.0
952,952,KD,6242291712.0
953,953,CUBE,11027960832.0
954,954,VTSC.DE,2393267712.0
955,955,1911.T,1244272001024.0
956,956,TMHC,6808029184.0
957,957,SMAR,6272426496.0
958,958,OPI,131233144.0
959,959,4745.T,22422306816.0
960,960,LGEN.L,13389345792.0
961,961,GLW,39267414016.0
962,962,PAYX,45667704832.0
963,963,JSG.L,666532096.0
964,964,XRX,1495343872.0
965,965,GFS,32074098688.0
966,966,MTCH,9444497408.0
967,967,GES,1281417216.0
968,968,NAPA,1126418304.0
969,969,3116.T,381303750656.0
970,970,HTWS.L,1345459200.0
971,971,6644.T,32745832448.0
972,972,IHG.L,13539148800.0
973,973,7729.T,491477204992.0
974,974,OXM,1636459392.0
975,975,7731.T,595386368000.0
976,976,CARR,60890390528.0
977,977,6736.T,99850862592.0
978,978,MEGP.L,689152320.0
979,979,TTK.DE,735983680.0
980,980,AAPL,3509668806656.0
981,981,JHG,5710842368.0
982,982,TTSH,320588640.0
983,983,3269.T,458560012288.0
984,984,REGN,119620124672.0
985,985,SGE.L,10384802816.0
986,986,UNIT,927391936.0
987,987,BIO,8929281024.0
988,988,UPBD,1832816384.0
989,989,EVD.DE,7463323136.0
990,990,SCT.L,3144159488.0
991,991,SNOW,45230809088.0
992,992,6425.T,117398708224.0
993,993,INTU,184196317184.0
994,994,UNM,10209638400.0
995,995,PTON,1444320640.0
996,996,WTW,27345063936.0
997,997,DKS,17420974080.0
998,998,MRK.DE,67194937344.0
999,999,3468.T,140185206784.0
1000,1000,ROKU,9337760768.0
1001,1001,9627.T,194463318016.0
1002,1002,4293.T,74465574912.0
1003,1003,4665.T,182535192576.0
1004,1004,HLIT,1468429184.0
1005,1005,ODP,1496817408.0
1006,1006,YUMC,12051687424.0
1007,1007,ZI,11390416896.0
1008,1008,FITB,27901976576.0
1009,1009,EFC,1114049024.0
1010,1010,6146.T,6567275528192.0
1011,1011,LFUS,6655354880.0
1012,1012,BWY.L,3213123328.0
1013,1013,DXLG,220711792.0
1014,1014,7955.T,26760304640.0
1015,1015,U,7070693888.0
1016,1016,CTAS,73031041024.0
1017,1017,UNH,527638364160.0
1018,1018,BLKB,3999473920.0
1019,1019,7600.T,17565177856.0
1020,1020,LDOS,20314251264.0
1021,1021,MBG.DE,67774361600.0
1022,1022,DOCU,11500945408.0
1023,1023,SSE.L,19949424640.0
1024,1024,6383.T,1097871196160.0
1025,1025,PLYM,1090845696.0
1026,1026,EPRT,5396121088.0
1027,1027,6750.T,137093431296.0
1028,1028,COK.DE,1171039488.0
1029,1029,PINC,2073339648.0
1030,1030,KVUE,35309096960.0
1031,1031,6588.T,188162949120.0
1032,1032,ICHR,1281095936.0
1033,1033,FORM,4410265600.0
1034,1034,6976.T,637467099136.0
1035,1035,5332.T,697506267136.0
1036,1036,7732.T,202381197312.0
1037,1037,TRTN.PRE,
1038,1038,4433.T,17307127808.0
1039,1039,CME,72538693632.0
1040,1040,EXTR,1817972480.0
1041,1041,AOF.DE,1905574784.0
1042,1042,TGT,72138981376.0
1043,1043,2767.T,107075584000.0
1044,1044,ASHM.L,1167911296.0
1045,1045,8985.T,368642293760.0
1046,1046,STJ.L,3053081088.0
1047,1047,4452.T,3148530581504.0
1048,1048,RLJ,1563586432.0
1049,1049,LNT,14241853440.0
1050,1050,2491.T,26707767296.0
1051,1051,ATRI,803329216.0
1052,1052,P911.DE,65664880640.0
1053,1053,8804.T,569395118080.0
1054,1054,8802.T,3404997066752.0
1055,1055,ARHS,2303258112.0
1056,1056,RDC.DE,2569631744.0
1057,1057,HZO,807310720.0
1058,1058,4751.T,491346657280.0
1059,1059,MEDP,13539435520.0
1060,1060,7751.T,4342065922048.0
1061,1061,BKNG,135358504960.0
1062,1062,LSEG.L,49961103360.0
1063,1063,AMN,2166600448.0
1064,1064,ROST,49235673088.0
1065,1065,CAL,1208110336.0
1066,1066,6951.T,355391373312.0
1067,1067,1973.T,372864417792.0
1068,1068,8439.T,747456823296.0
1069,1069,MANH,13784269824.0
1070,1070,3492.T,78238162944.0
1071,1071,5105.T,390847758336.0
1072,1072,EQH,13757862912.0
1073,1073,PCA.L,63839824.0
1074,1074,EWCZ,601003392.0
1075,1075,9101.T,2124888408064.0
1076,1076,HTZ,1391449216.0
1077,1077,PAT.DE,607778368.0
1078,1078,TFC,57672105984.0
1079,1079,OHI,9112388608.0
1080,1080,TROW,26382895104.0
1081,1081,FSLR,22282725376.0
1082,1082,CCH.L,9942130688.0
1083,1083,9364.T,361201827840.0
1084,1084,7730.T,208170024960.0
1085,1085,NEOG,3805802496.0
1086,1086,HNR1.DE,28111161344.0
1087,1087,4619.T,27246985216.0
1088,1088,DAY,8780819456.0
1089,1089,6592.T,302040973312.0
1090,1090,SNDR,4384108032.0
1091,1091,MONY.L,1268252160.0
1092,1092,MDB,19273631744.0
1093,1093,MEG,1333938176.0
1094,1094,MERC,559531968.0
1095,1095,SHYF,420738976.0
1096,1096,WG.L,1406596352.0
1097,1097,CHEF,1686320128.0
1098,1098,HCSG,866081664.0
1099,1099,2874.T,62175264768.0
1100,1100,WU,4394138112.0
1101,1101,APLE,3707893760.0
1102,1102,9068.T,108227878912.0
1103,1103,MSGS,4747035136.0
1104,1104,DBI,420806592.0
1105,1105,CON.DE,11612348416.0
1106,1106,IHR.L,365058208.0
1107,1107,ROK,32816902144.0
1108,1108,GNTX,8031332352.0
1109,1109,WDAY,61473214464.0
1110,1110,CCS,3063997184.0
1111,1111,INFA,7586732544.0
1112,1112,9831.T,307539279872.0
1113,1113,COHR,11559591936.0
1114,1114,9401.T,720856481792.0
1115,1115,CATO,108943624.0
1116,1116,9719.T,988197093376.0
1117,1117,3148.T,215856136192.0
1118,1118,RH,5278093824.0
1119,1119,8079.T,83732078592.0
1120,1120,7915.T,99444195328.0
1121,1121,LSCC,8251384832.0
1122,1122,4980.T,452681793536.0
1123,1123,CHRW,10417942528.0
1124,1124,3289.T,803182477312.0
1125,1125,IVR,481908672.0
1126,1126,RMV.L,4587055616.0
1127,1127,BBW,354514976.0
1128,1128,GXI.DE,3454000128.0
1129,1129,EMG.L,2951577856.0
1130,1130,ONTF,267101264.0
1131,1131,ZD,2336388352.0
1132,1132,CRWD,86378553344.0
1133,1133,SLAB,3803792384.0
1134,1134,6914.T,66078744576.0
1135,1135,NRUC,
1136,1136,SYAB.DE,2430711808.0
1137,1137,3050.T,189013147648.0
1138,1138,GTN,594911104.0
1139,1139,CLI.L,373565408.0
1140,1140,SAIA,12828204032.0
1141,1141,KN,1740141952.0
1142,1142,6814.T,71265460224.0
1143,1143,7241.T,76761997312.0
1144,1144,NDX1.DE,3012372992.0
1145,1145,LINC,413484640.0
1146,1146,DAKT,671297792.0
1147,1147,CHCT,737128960.0
1148,1148,PRI,8622069760.0
1149,1149,CHKP,19045380096.0
1150,1150,HFFG,177298384.0
1151,1151,ALIT,4006800384.0
1152,1152,NETW.L,2085179520.0
1153,1153,TEAM,46572519424.0
1154,1154,DGII,926461056.0
1155,1155,EVTC,2236938496.0
1156,1156,HHFA.DE,1269703424.0
1157,1157,AFL,53446963200.0
1158,1158,SBGI,1030388352.0
1159,1159,PECO,4789358592.0
1160,1160,PUM.DE,6657612800.0
1161,1161,8129.T,272153460736.0
1162,1162,NCNO,3792017920.0
1163,1163,SBH,1212148992.0
1164,1164,NWG.L,27344556032.0
1165,1165,NEXN.L,329351776.0
1166,1166,EVT.DE,1530887040.0
1167,1167,FI,92422717440.0
1168,1168,JILL,450998048.0
1169,1169,9404.T,621838663680.0
1170,1170,UNFI,828418496.0
1171,1171,CBL,831869632.0
1172,1172,AHH,1046749184.0
1173,1173,SFM,8325524480.0
1174,1174,HR,6833504768.0
1175,1175,KMI,45563871232.0
1176,1176,KWS.L,1912293120.0
1177,1177,8766.T,12265427304448.0
1178,1178,7740.T,183809540096.0
1179,1179,2168.T,85379104768.0
1180,1180,6723.T,5712933552128.0
1181,1181,TWO,1459265408.0
1182,1182,3191.T,134426091520.0
1183,1183,9076.T,381085351936.0
1184,1184,MPW,2898482688.0
1185,1185,AEIS,4295052288.0
1186,1186,AMKR,10147127296.0
1187,1187,ZIG.L,965457408.0
1188,1188,6923.T,465422745600.0
1189,1189,KREF,689673344.0
1190,1190,AER,19009193984.0
1191,1191,PFE,170167713792.0
1192,1192,4301.T,27077861376.0
1193,1193,NVMI,6094639616.0
1194,1194,LADR,1548723584.0
1195,1195,3046.T,103163240448.0
1196,1196,9024.T,707977871360.0
1197,1197,2170.T,56078151680.0
1198,1198,3612.T,77831643136.0
1199,1199,YOU.L,531889184.0
1200,1200,KTN.DE,
1201,1201,LIO.L,411564320.0
1202,1202,ICFI,2616191488.0
1203,1203,INFN,1424857472.0
1204,1204,7294.T,28504795136.0
1205,1205,HURN,1930401792.0
1206,1206,SLP,859930944.0
1207,1207,4716.T,1524651786240.0
1208,1208,7599.T,120488402944.0
1209,1209,UCTT,2279423488.0
1210,1210,CHPT,918656704.0
1211,1211,CFLT,8282780160.0
1212,1212,ONEW,488390176.0
1213,1213,VMUK.L,2784817664.0
1214,1214,7735.T,1536536870912.0
1215,1215,VYX,2160723456.0
1216,1216,B4B.DE,1531492736.0
1217,1217,XYL,33700134912.0
1218,1218,RBLX,25599119360.0
1219,1219,AYI,7967930880.0
1220,1220,ENT.L,4242681344.0
1221,1221,4689.T,3034993655808.0
1222,1222,8050.T,197911166976.0
1223,1223,SY1.DE,15549634560.0
1224,1224,WST,23941095424.0
1225,1225,RARE,3975082240.0
1226,1226,RENT,68555000.0
1227,1227,UE,2517294336.0
1228,1228,BFH,2557563392.0
1229,1229,2331.T,471130996736.0
1230,1230,KAR,2004670080.0
1231,1231,8282.T,273359994880.0
1232,1232,5110.T,422536806400.0
1233,1233,6268.T,341953675264.0
1234,1234,ETN,124566355968.0
1235,1235,AMC,1602087040.0
1236,1236,BT.A.L,
1237,1237,FWRD,660166848.0
1238,1238,2395.T,55287164928.0
1239,1239,WBD,20386578432.0
1240,1240,SHL.DE,60111953920.0
1241,1241,CRL,11494835200.0
1242,1242,AUTO.L,7285795840.0
1243,1243,ADI,116913684480.0
1244,1244,NSA,5854272512.0
1245,1245,8114.T,287034507264.0
1246,1246,ES,21681295360.0
1247,1247,LGF.A,
1248,1248,EEX,1233213824.0
1249,1249,WTB.L,5248052224.0
1250,1250,KSS,2525488128.0
1251,1251,4812.T,344884772864.0
1252,1252,KNX,8266403328.0
1253,1253,TRTX,757424960.0
1254,1254,EVOK.L,387610432.0
1255,1255,LAMR,12131917824.0
1256,1256,4816.T,499741753344.0
1257,1257,CPRX,1996143488.0
1258,1258,4151.T,1677106872320.0
1259,1259,ONT.L,962187008.0
1260,1260,BELFB,906218304.0
1261,1261,7354.T,11629984768.0
1262,1262,TWKS,1001033344.0
1263,1263,9434.T,9649541611520.0
1264,1264,MOD,5579511296.0
1265,1265,BEZ.L,4389143040.0
1266,1266,WHR,6096797696.0
1267,1267,DRVN,2215079936.0
1268,1268,8591.T,4335021064192.0
1269,1269,PRSR.L,422923264.0
1270,1270,7844.T,40038883328.0
1271,1271,DDS,6701109248.0
1272,1272,RMR,438341728.0
1273,1273,4549.T,82550587392.0
1274,1274,7575.T,81269235712.0
1275,1275,MNDY,11462808576.0
1276,1276,KCO.DE,509722528.0
1277,1277,EVRI,757523008.0
1278,1278,3635.T,489390997504.0
1279,1279,HSTM,937471232.0
1280,1280,DNB,4493587456.0
1281,1281,AXP,179796983808.0
1282,1282,ORC,585600768.0
1283,1283,ARRY,1699812736.0
1284,1284,GTY.DE,54535088.0
1285,1285,4503.T,3026752897024.0
1286,1286,FOR,1821697152.0
1287,1287,GEF,3140388864.0
1288,1288,EHTH,135133040.0
1289,1289,7747.T,683818418176.0
1290,1290,TPIC,228323488.0
1291,1291,NTST,1271500672.0
1292,1292,3086.T,525240827904.0
1293,1293,PKG,17201704960.0
1294,1294,OC,14996772864.0
1295,1295,9987.T,400936599552.0
1296,1296,ARR,1127542784.0
1297,1297,IMAX,913568320.0
1298,1298,3659.T,2841520635904.0
1299,1299,8601.T,1869334183936.0
1300,1300,DTE.DE,119686029312.0
1301,1301,IHS,949260800.0
1302,1302,8963.T,462840135680.0
1303,1303,5938.T,521271345152.0
1304,1304,NBPE.L,771411648.0
1305,1305,TAL,6060958208.0
1306,1306,7803.T,27794802688.0
1307,1307,PAGS,4265952512.0
1308,1308,BIRD,107855296.0
1309,1309,FLGT,697535424.0
1310,1310,WRBY,1964788992.0
1311,1311,PGNY,2816628480.0
1312,1312,PFC.L,66985184.0
1313,1313,SRP.L,1974475520.0
1314,1314,UTI,976497216.0
1315,1315,BEPC,5279795712.0
1316,1316,3481.T,191324307456.0
1317,1317,ATG.L,579249344.0
1318,1318,DV,3439355904.0
1319,1319,WINA,1433666560.0
1320,1320,7451.T,237168197632.0
1321,1321,GTY,1642758528.0
1322,1322,HEN3.DE,32282548224.0
1323,1323,TYL,22417674240.0
1324,1324,PRG,1511111040.0
1325,1325,ADV,1253280256.0
1326,1326,BLK,124649545728.0
1327,1327,NTCT,1364039808.0
1328,1328,7459.T,545772109824.0
1329,1329,FAN.L,982320256.0
1330,1330,PDCO,2315108608.0
1331,1331,9613.T,3319983243264.0
1332,1332,TYMN.L,761307072.0
1333,1333,PAYC,9337114624.0
1334,1334,GDDY,20333557760.0
1335,1335,RMBS,6421592064.0
1336,1336,PACB,558329792.0
1337,1337,CRDA.L,5639857664.0
1338,1338,MGRC,2729446656.0
1339,1339,DNOW,1540099328.0
1340,1340,MSA,7676378112.0
1341,1341,RC,1602107648.0
1342,1342,TTG.L,267618816.0
1343,1343,MNG.L,4922605056.0
1344,1344,3402.T,1288038907904.0
1345,1345,ELAN,6449075200.0
1346,1346,N91.L,1558186880.0
1347,1347,WTRG,11302011904.0
1348,1348,UPWK,1553872768.0
1349,1349,5101.T,539466956800.0
1350,1350,CPG.L,37178613760.0
1351,1351,KBR,9030061056.0
1352,1352,ADUS,2208531456.0
1353,1353,PRPL,144574048.0
1354,1354,PWSC,3730336256.0
1355,1355,8308.T,2463921864704.0
1356,1356,RSG,64693329920.0
1357,1357,PTC,21526378496.0
1358,1358,ALGN,18864087040.0
1359,1359,CRH,55206555648.0
1360,1360,RAT.L,1901379200.0
1361,1361,PRU,45717557248.0
1362,1362,8958.T,104328658944.0
1363,1363,2972.T,39796834304.0
1364,1364,CNK,2542350080.0
1365,1365,2979.T,84680998912.0
1366,1366,LNC,5573485056.0
1367,1367,6965.T,697965871104.0
1368,1368,NXT.L,10745050112.0
1369,1369,PHNX.L,5373423104.0
1370,1370,OUT,2649199360.0
1371,1371,LBRDK,8311098880.0
1372,1372,LABS.L,123200000.0
1373,1373,CTO,428868224.0
1374,1374,ICE,85699338240.0
1375,1375,MU,132506370048.0
1376,1376,ROL,23906957312.0
1377,1377,OTIS,39999676416.0
1378,1378,IIPR,3404632320.0
1379,1379,7936.T,1994472161280.0
1380,1380,FINV,1392191360.0
1381,1381,PRGS,2439116032.0
1382,1382,CVS,77330792448.0
1383,1383,EVK.DE,8944869376.0
1384,1384,8219.T,75841314816.0
1385,1385,JKHY,12374046720.0
1386,1386,AMP,41871400960.0
1387,1387,PTVE,2296689920.0
1388,1388,ICUI,3117142272.0
1389,1389,ENTG,20177344512.0
1390,1390,6718.T,52106096640.0
1391,1391,9107.T,1644371378176.0
1392,1392,AWK,27768123392.0
1393,1393,BOWL,2015848576.0
1394,1394,NKE,110288936960.0
1395,1395,6955.T,24740515840.0
1396,1396,DTG.DE,29896216576.0
1397,1397,QSI,164506560.0
1398,1398,JMAT.L,3094646272.0
1399,1399,MITK,566166272.0
1400,1400,2685.T,140950798336.0
1401,1401,NHI,3182169344.0
1402,1402,DLTR,22642200576.0
1403,1403,3476.T,85739429888.0
1404,1404,PRO,1176990208.0
1405,1405,UPS,126092288000.0
1406,1406,DWS.DE,6580000256.0
1407,1407,BIJ.DE,263680816.0
1408,1408,EXC,36431093760.0
1409,1409,3290.T,69237899264.0
1410,1410,FCN,8079080960.0
1411,1411,JAMF,2383657984.0
1412,1412,VZ,176914776064.0
1413,1413,GILT,267975664.0
1414,1414,GLE.L,346205280.0
1415,1415,7988.T,385449361408.0
1416,1416,3287.T,154885423104.0
1417,1417,TOST,14778439680.0
1418,1418,ARES,44970704896.0
1419,1419,WM,89569861632.0
1420,1420,LXS.DE,2245003776.0
1421,1421,CMI,40363778048.0
1422,1422,HCKT,672122304.0
1423,1423,NESF.L,488512544.0
1424,1424,PKST,521210240.0
1425,1425,PLUS.L,1659444224.0
1426,1426,2389.T,19205890048.0
1427,1427,DBX,7494094848.0
1428,1428,WWW,1039071808.0
1429,1429,VSAT,2012517376.0
1430,1430,TILE,968577728.0
1431,1431,BDC,3890870016.0
1432,1432,HUBB,19681822720.0
1433,1433,ADTN,502389728.0
1434,1434,RGA,14165017600.0
1435,1435,AVGO,726068101120.0
1436,1436,RM,298172512.0
1437,1437,URBN,4311307264.0
1438,1438,HFG.DE,1081421568.0
1439,1439,6651.T,134842572800.0
1440,1440,9684.T,609716862976.0
1441,1441,ULTP.L,119806320.0
1442,1442,AVNS,1039264256.0
1443,1443,LAUR,2406531584.0
1444,1444,ENR,2218323456.0
1445,1445,SCVL,1083616256.0
1446,1446,IRWD,1084086656.0
1447,1447,EVC,177628528.0
1448,1448,ADPT,641050816.0
1449,1449,SAH,2021112960.0
1450,1450,ONL,231300960.0
1451,1451,DBRG,2673854720.0
1452,1452,9697.T,1373496934400.0
1453,1453,GPRO,254339344.0
1454,1454,VRNT,2078534272.0
1455,1455,HUM,48461889536.0
1456,1456,CARG,2742333440.0
1457,1457,NEM.DE,10470075392.0
1458,1458,ZIM,2154949120.0
1459,1459,SBLK,2725858560.0
1460,1460,7860.T,67924451328.0
1461,1461,NXU.DE,955108416.0
1462,1462,TROX,2594873344.0
1463,1463,BK,47295660032.0
1464,1464,MPWR,39783518208.0
1465,1465,VOXX,59566704.0
1466,1466,ILMN,19098476544.0
1467,1467,PD,2081212032.0
1468,1468,APH,77141704704.0
1469,1469,FSJ.L,169295280.0
1470,1470,MSM,4771577344.0
1471,1471,4369.T,137786851328.0
1472,1472,FDX,75838668800.0
1473,1473,6941.T,69916426240.0
1474,1474,SPWH,97388808.0
1475,1475,9766.T,1627373830144.0
1476,1476,7606.T,59579981824.0
1477,1477,VECO,2421261568.0
1478,1478,MRC,1228433920.0
1479,1479,MRTN,1493005696.0
1480,1480,6504.T,1306323189760.0
1481,1481,8012.T,375953096704.0
1482,1482,CRAI,1235471872.0
1483,1483,GKOS,6781731328.0
1484,1484,KMT,1990247296.0
1485,1485,9757.T,106682114048.0
1486,1486,NTNX,11900428288.0
1487,1487,9413.T,102975741952.0
1488,1488,CMBM,57186184.0
1489,1489,BOOT.L,314021120.0
1490,1490,IT,35694501888.0
1491,1491,BGFV,64478968.0
1492,1492,SFOR.L,315103744.0
1493,1493,8697.T,2062004256768.0
1494,1494,6971.T,2808828133376.0
1495,1495,NXPI,70642933760.0
1496,1496,RS,17730463744.0
1497,1497,ITRN,512857024.0
1498,1498,9869.T,134590898176.0
1499,1499,8977.T,92948242432.0
1500,1500,APP,26383634432.0
1501,1501,AVNW,372309824.0
1502,1502,APLD,908628544.0
1503,1503,DOLE,1297682176.0
1504,1504,SBRY.L,6209993216.0
1505,1505,HLX,1910235904.0
1506,1506,9069.T,166529630208.0
1507,1507,2433.T,445299556352.0
1508,1508,WEIR.L,5052049408.0
1509,1509,3151.T,67074748416.0
1510,1510,HOV,1054735168.0
1511,1511,MHO,4177463296.0
1512,1512,LSTR,6652804608.0
1513,1513,8923.T,126144241664.0
1514,1514,3593.T,103650410496.0
1515,1515,6326.T,2742990667776.0
1516,1516,VRTX,126025334784.0
1517,1517,NVT,12393319424.0
1518,1518,TTC,10329230336.0
1519,1519,CCRN,535868864.0
1520,1520,2327.T,534429073408.0
1521,1521,GFT.DE,650249728.0
1522,1522,CRSR,1063997440.0
1523,1523,3636.T,83582582784.0
1524,1524,8252.T,450641821696.0
1525,1525,8086.T,213329575936.0
1526,1526,ROP,61151600640.0
1527,1527,3994.T,280645271552.0
1528,1528,3697.T,216204132352.0
1529,1529,BKR,36323082240.0
1530,1530,RCL,42323615744.0
1531,1531,SLB,69894733824.0
1532,1532,EH,927277696.0
1533,1533,2502.T,2885024743424.0
1534,1534,9790.T,55533588480.0
1535,1535,TRU,15396531200.0
1536,1536,KETL.L,204805264.0
1537,1537,PETQ,663167680.0
1538,1538,2790.T,79579758592.0
1539,1539,FIE.DE,3590726400.0
1540,1540,4839.T,31171946496.0
1541,1541,NVRI,807440256.0
1542,1542,GME,11925578752.0
1543,1543,9605.T,239585902592.0
1544,1544,AIN,2856568576.0
1545,1545,PMTS,333118880.0
1546,1546,4676.T,401278042112.0
1547,1547,FUBO,434826016.0
1548,1548,CLFD,584846272.0
1549,1549,MVIS,265558096.0
1550,1550,SEAT,1131703424.0
1551,1551,4326.T,61922144256.0
1552,1552,SMCI,47800254464.0
1553,1553,ACEL,865723008.0
1554,1554,9409.T,223860047872.0
1555,1555,SDGR,1683981696.0
1556,1556,DDD,537148352.0
1557,1557,ISRG,151186341888.0
1558,1558,VC,3158155008.0
1559,1559,BLCO,5887323136.0
1560,1560,GMRE,643467328.0
1561,1561,AMAL,962726976.0
1562,1562,2337.T,191656542208.0
1563,1563,GPN,26423478272.0
1564,1564,BRKR,9699123200.0
1565,1565,BEN,12531487744.0
1566,1566,3608.T,62560862208.0
1567,1567,FLTR.L,28276656128.0
1568,1568,STGW,1845338880.0
1569,1569,8074.T,117421867008.0
1570,1570,3048.T,292722933760.0
1571,1571,HRI,4290750720.0
1572,1572,QLYS,5417887232.0
1573,1573,DFIN,1910224128.0
1574,1574,8803.T,133057470464.0
1575,1575,XP,10183695360.0
1576,1576,CNM,10296569856.0
1577,1577,ONTO,10202574848.0
1578,1578,ONON,12886987776.0
1579,1579,2792.T,43636432896.0
1580,1580,COUR,1186451200.0
1581,1581,AUDC,339632160.0
1582,1582,FWONK,18082660352.0
1583,1583,RERE,494395456.0
1584,1584,5334.T,964053893120.0
1585,1585,DOW,38964645888.0
1586,1586,PSTL,418518528.0
1587,1587,7458.T,183644012544.0
1588,1588,ECV.DE,2745561344.0
1589,1589,DAR,6068444160.0
1590,1590,AMG,5497263616.0
1591,1591,FLYW,2358576896.0
1592,1592,FORR,356918752.0
1593,1593,3626.T,751749169152.0
1594,1594,BIG,36508860.0
1595,1595,UIS,330912224.0
1596,1596,2971.T,43538317312.0
1597,1597,IOT,20440412160.0
1598,1598,SVV,2024043008.0
1599,1599,CERS,436340384.0
1600,1600,AIV,1309236096.0
1601,1601,BC,5521591808.0
1602,1602,WSC,7561965056.0
1603,1603,7453.T,730577502208.0
1604,1604,DCC.L,5438119424.0
1605,1605,CARD.L,348247456.0
1606,1606,WIX,8975368192.0
1607,1607,2471.T,27335245824.0
1608,1608,LQDT,635555968.0
1609,1609,DRQ,611258496.0
1610,1610,NFG.L,840018304.0
1611,1611,9064.T,630509928448.0
1612,1612,GRG.L,2912475904.0
1613,1613,LYB,32151916544.0
1614,1614,AWI,5249233408.0
1615,1615,BC8.DE,5065200128.0
1616,1616,ACTG,557122560.0
1617,1617,LSEA,403364640.0
1618,1618,3341.T,44875948032.0
1619,1619,IQ,3512366592.0
1620,1620,CLVT,4270040832.0
1621,1621,LII,19646197760.0
1622,1622,8309.T,2790612795392.0
1623,1623,PGR,129644691456.0
1624,1624,MRNA,47542837248.0
1625,1625,IVAC,107133928.0
1626,1626,TWI,607012928.0
1627,1627,4568.T,11594206543872.0
1628,1628,CRCT,1308952576.0
1629,1629,6787.T,180299808768.0
1630,1630,ALLE,11097973760.0
1631,1631,9433.T,9464280252416.0
1632,1632,OCN.L,466791584.0
1633,1633,VSEC,1628392704.0
1634,1634,7564.T,319911952384.0
1635,1635,TSCO.L,22049122304.0
1636,1636,PFD.L,1477594752.0
1637,1637,9143.T,922565345280.0
1638,1638,GXO,6553233920.0
1639,1639,BGC,4749270016.0
1640,1640,3296.T,149151793152.0
1641,1641,RGL.L,109935328.0
1642,1642,PEN,7877803008.0
1643,1643,7518.T,238052884480.0
1644,1644,9072.T,233398747136.0
1645,1645,ENPH,15123403776.0
1646,1646,RUN,3803737088.0
1647,1647,GAMA.L,1401827968.0
1648,1648,2670.T,680946696192.0
1649,1649,SUP,104676736.0
1650,1650,MATX,4539928576.0
1651,1651,9260.T,62089117696.0
1652,1652,DEQ.DE,1766074240.0
1653,1653,KIDS,843304768.0
1654,1654,HALO,6968251392.0
1655,1655,MATW,851278400.0
1656,1656,9842.T,115582820352.0
1657,1657,KVHI,91483168.0
1658,1658,MOON.L,703428672.0
1659,1659,NEO,1979536000.0
1660,1660,6055.T,227050979328.0
1661,1661,UNP,148802650112.0
