,stock_ticker_symbol,market_capital,trailing_pe,beta,return_on_equity,earnings_growth
0,RS1.L,3668790784,19.858974,0.863,0.13226,-0.368
1,KE,428135136,21.370369,1.258,0.038540002,N/A
2,TEG.DE,2765612288,N/A,1.037,-0.03766,N/A
3,LEG.DE,6927171072,N/A,0.957,-0.08126,N/A
4,SCS,1492859648,17.210526,1.314,0.10633001,8.0
5,HNI,2363068160,20.295547,0.829,0.15192,N/A
6,AVT,4396813824,9.189688,1.171,0.10307,-0.46
7,ACCO,502938464,N/A,1.602,-0.24318,N/A
8,BRNK.DE,N/A,N/A,N/A,N/A,N/A
9,VNA.DE,26973120512,N/A,1.042,-0.09992,N/A
10,7912.T,1222489931776,10.515173,0.45,0.09698,0.188
11,KEYS,25306042368,28.09634,0.974,0.18031,0.379
12,SGRO.L,11925198848,N/A,0.785,-0.00087,N/A
13,CBRE,35319238656,38.677853,1.4,0.10905,-0.344
14,BRC,3457950976,17.855036,0.75,0.1917,0.154
15,PGRE,1147405184,N/A,1.274,-0.067329995,N/A
16,PSON.L,7028418560,21.17,0.307,0.08776,-0.12
17,BBOX.L,4023662592,23.171429,N/A,N/A,N/A
18,REL.L,66659176448,35.84,0.478,0.5912,0.132
19,TMV.DE,1845065472,18.11111,0.756,1.37155,-0.183
20,BHE,1407043072,20.951612,0.987,0.063,0.103
21,PLXS,3348822528,30.982368,0.889,0.09047,0.625
22,GPE.L,1416530432,N/A,0.797,-0.17581,N/A
23,HAS,9428096000,N/A,0.596,-0.56743,N/A
24,CHGG,186606000,N/A,1.319,-0.89528,N/A
25,JLL,11940569088,31.68388,1.372,0.060170002,34.0
26,LAND.L,4871829504,N/A,1.441,-0.05045,N/A
27,OLED,9027288064,40.911827,1.421,0.15542,0.057
28,CDW,28603965440,26.274847,1.033,0.58541,0.078
29,FLEX,11419762688,14.38,1.085,0.16027,-0.171
30,REZI,2636880128,15.2627125,2.071,0.05895,-0.441
31,TPL,18189604864,40.800003,1.625,0.4276,0.145
32,ARW,6667792896,11.836466,1.265,0.10271,-0.512
33,FN,7588817920,25.948084,0.954,0.18428,0.338
34,NOVT,6032965632,97.69186,1.287,0.09362,-0.345
35,RYN,4569562624,29.960396,1.055,0.08287,-0.922
36,SNX,9467225088,15.515407,1.404,0.0792,0.175
37,7911.T,1313461764096,17.856844,0.619,0.05697,0.079
38,CMPR,2115328128,13.124417,2.041,N/A,2.983
39,DLAR.L,182315328,N/A,1.369,-1.5158701,N/A
40,2379.T,150857236480,16.234947,0.949,0.25912002,0.336
41,6754.T,147042058240,17.6984,N/A,0.06661,1.86
42,SHA.DE,2879783936,9.608889,1.352,0.084309995,-0.807
43,TTMI,1733166976,106.25,1.256,0.01112,2.765
44,3234.T,241265950720,18.96787,0.284,0.062030002,-0.018
45,PBI,1163224832,N/A,1.964,N/A,N/A
46,BYG.L,2555361280,10.380953,0.719,0.10358,0.689
47,ASGN,4030656000,21.83738,1.403,0.10443,-0.164
48,COA.L,1576693760,19.8,1.404,0.18911,1.434
49,HOUS,551914112,N/A,2.293,-0.03061,0.587
50,VVV,5025774080,26.712328,1.457,1.0227101,0.403
51,PAGE.L,1213418240,23.050001,1.111,0.16686001,-0.61
52,DB1.DE,38505742336,21.419815,0.602,0.19806999,0.132
53,AVB,32068509696,38.218643,0.986,0.07143,-0.311
54,3309.T,355338027008,28.712233,0.422,0.0424,N/A
55,STWD,6852578816,17.972727,1.738,0.05274,-0.548
56,GROW.L,772003648,N/A,N/A,N/A,N/A
57,MTO.L,1500375296,13.311111,1.41,0.29238,0.567
58,KFY,3588211200,19.65527,1.546,0.10988,0.309
59,MEI,340467648,N/A,0.716,-0.16997999,N/A
60,BLND.L,4041840640,N/A,1.555,0.00017999999,N/A
61,RGLD,8870419456,36.96712,0.647,0.10985,0.142
62,KFRC,1221264640,23.42751,0.889,0.2904,-0.211
63,IWG.L,1726489088,N/A,2.102,-0.89572,N/A
64,8954.T,420348002304,21.626673,0.497,0.05553,0.035
65,ZIL2.DE,249321600,4.6294117,1.742,0.054580003,2.75
66,SANM,3441096448,16.313473,0.894,0.10235,-0.289
67,SXS.L,2830650880,10.559701,0.613,0.19844,2.596
68,YETI,3070328064,16.869766,2.116,0.29001,0.343
69,ACN,214104309760,31.329973,1.239,0.26,-0.02
70,HPP,689771648,N/A,1.336,-0.062319998,N/A
71,7893.T,31631284224,11.508121,0.34,0.10151,0.463
72,SVS.L,1549364864,36.903225,1.24,0.057340004,0.706
73,AGNC,7988957696,26.868422,1.457,0.05021,N/A
74,CTS,1363089280,25.2191,0.575,0.10557,0.172
75,IPG,11665856512,11.503703,1.084,0.27183,-0.162
76,BMI,5649105408,50.148827,0.77,0.21733999,0.474
77,FUTR.L,1180223744,13.934211,1.007,0.08428001,-0.379
78,EBOX.L,295908896,2.7667985,N/A,N/A,N/A
79,SCSC,1086913024,14.781046,1.414,0.08424,N/A
80,MAN,3321352960,69.30693,1.427,0.01984,-0.039
81,7994.T,188151480320,8.938849,0.302,0.12762,0.126
82,3283.T,763664072704,30.737518,0.365,0.04976,0.088
83,PDM,1169320064,N/A,1.199,-0.0478,N/A
84,III.L,29838102528,7.793451,N/A,N/A,N/A
85,NBS.L,1204148864,0.009930786,0.303,0.07516,-0.338
86,DSCV.L,566054848,36.875,1.095,0.051220004,-0.622
87,6183.T,113395597312,18.1156,0.462,0.099659994,-0.427
88,KELYA,719899328,15.287878,1.192,0.03839,-0.4
89,6724.T,873778511872,16.750273,0.989,0.06381,-0.051
90,4384.T,69563187200,36.63093,0.569,0.14604999,2.369
91,ST,5269943808,581.8334,1.256,-0.01382,0.469
92,BRBY.L,2061858048,7.7702703,1.057,0.20126,-0.597
93,7984.T,282834239488,12.385253,-0.073,0.08799,-0.09
94,CCK,10966266880,25.180056,0.853,0.20309,0.107
95,APTV,16231036928,5.213585,1.793,0.34971002,3.132
96,STEM.L,528499424,9.5,0.978,0.26601,0.02
97,UU.L,7326886912,56.55263,0.408,0.0556,N/A
98,ITRI,4347453440,23.815271,1.473,0.15175,1.075
99,6287.T,63413551104,18.315533,0.714,0.05589,-0.083
100,INF.L,11167349760,36.57391,1.121,0.0515,-0.397
101,4218.T,39624564736,21.213772,0.285,0.046079997,0.2
102,HMSO.L,1459857536,N/A,2.295,-0.01885,N/A
103,WDC,21503528960,N/A,1.38,-0.06973,N/A
104,7313.T,219807694848,18.340101,N/A,0.04725,18.469
105,EBF,592435200,14.249999,0.392,0.12036,-0.092
106,TNET,4618080256,15.546823,1.176,0.61675,-0.13
107,6098.T,12830143152128,36.6294,1.275,0.18058,0.107
108,MLKN,1835016960,23.801802,1.177,0.056420002,N/A
109,HLMA.L,9554171904,35.676056,0.532,0.16118,0.258
110,SKG.L,N/A,N/A,N/A,N/A,N/A
111,WPP.L,7979112960,38.93684,1.132,0.07334,0.825
112,JBL,11648532480,9.317604,1.245,0.56054,-0.384
113,3279.T,262187089920,16.578182,0.528,0.059109997,N/A
114,JEN.DE,1523678208,19.014286,1.352,0.09222,0.2
115,LXP,2981176832,112.22222,0.892,0.01636,N/A
116,TRMB,13262937088,8.888707,1.484,0.30337,28.705
117,WKP.L,1230739328,N/A,1.042,-0.115389995,N/A
118,6028.T,304443228160,21.096817,1.393,0.18776,-0.497
119,NLY,10130583552,N/A,1.578,-0.04354,N/A
120,KGF.L,5015109120,15.238887,0.955,0.052010003,0.15
121,RMAX,344325952,N/A,1.358,N/A,0.727
122,7951.T,577907130368,18.215305,0.675,0.06526,0.442
123,7846.T,165493948416,13.123213,-0.013,0.09434,0.004
124,SBAC,25775009792,50.49053,0.664,N/A,-0.193
125,KRG,5792061952,N/A,1.307,-0.00676,N/A
126,ATR,10085061632,31.981054,0.572,0.13914,0.081
127,ELME,1537545088,N/A,0.913,-0.045840003,N/A
128,DNLM.L,2517414912,16.824324,1.179,0.79511,-0.026
129,BDEV.L,7150715392,41.3,1.629,0.020680001,-0.697
130,TEP.L,1431681280,20.359552,0.574,0.30663002,0.084
131,ESRT,2934182912,39.23077,1.416,0.04304,-0.264
132,CGNX,6559912960,85.0,1.407,0.05248,-0.364
133,ZBRA,16914760704,74.02483,1.656,0.07326,-0.219
134,DLX,832937152,22.164705,1.458,0.06219,0.223
135,BWA,7489044480,9.873875,1.182,0.1183,0.541
136,ELV,126067138560,19.035713,0.832,0.16576,0.264
137,NYT,8656563200,32.537037,1.024,0.15815,0.423
138,SNWS.L,133716512,6.2666664,0.827,N/A,-0.132
139,INS.DE,417629888,20.51064,1.643,0.03444,-0.132
140,INCH.L,3380976896,12.373134,1.194,0.19498,-0.092
141,NWSA,15320163328,57.826088,1.358,0.03943,N/A
142,AT1.DE,2668354560,N/A,1.622,-0.09363,N/A
143,MKSI,7104224768,703.86664,1.629,0.00338,N/A
144,7914.T,24147355648,16.644073,N/A,0.02289,-0.546
145,MMI,1468227712,N/A,1.139,-0.05424,N/A
146,EXPN.L,33712357376,37.272728,0.715,0.2787,0.359
147,GRI.L,1760409088,N/A,0.707,-0.00058,N/A
148,SNBR,315876160,N/A,2.052,N/A,N/A
149,SMWH.L,1610217600,25.102041,1.671,0.2229,-0.461
150,IR,35284676608,43.29208,1.423,0.085319996,0.023
151,ITV.L,3089279232,7.1818185,1.436,0.23158,5.6
152,LAD,7385560576,8.921189,1.641,0.14092,-0.27
153,HSII,732645440,19.491892,0.847,0.08708,N/A
154,CUZ,4319964160,72.794876,1.292,0.01317,-0.654
155,LIN,221122084864,35.322655,0.945,0.16193001,0.078
156,PHP.L,1330955264,N/A,0.407,-0.00601,-0.892
157,NL,310671392,14.133334,0.507,0.06347,N/A
158,BALL,19516192768,29.356165,0.878,0.12785,-0.073
159,2146.T,106484776960,12.139619,1.686,0.28621998,1.522
160,DHR,197229150208,50.29282,0.861,0.07982,-0.181
161,KIM,15700069376,43.12963,1.492,0.03642,0.034
162,8057.T,65950912512,9.176448,0.85,0.12085,-0.391
163,6841.T,951096311808,20.080765,0.822,N/A,-0.583
164,MAC,3474503168,N/A,2.477,-0.02647,N/A
165,ECOR.L,154876544,10.383333,0.621,0.0017200001,25.65
166,SWBI,548992128,16.54054,0.941,0.0904,N/A
167,8151.T,34906931200,12.403645,N/A,0.100530006,N/A
168,CNNE,1185683968,N/A,0.88,-0.21212,N/A
169,PLD,120599904256,42.986797,1.083,0.052020002,-0.293
170,REXR,11249911808,41.20661,0.943,0.03499,0.427
171,IPGP,2765015808,20.633663,0.996,0.06048,-0.657
172,RHI,6425458176,20.51495,1.226,0.20267999,-0.34
173,6845.T,621390331904,19.841639,N/A,0.14879,0.331
174,7868.T,70604595200,14.843987,0.079,0.111379996,-0.054
175,CDP,3352481280,N/A,1.014,-0.06939,0.161
176,AAP,2310588928,N/A,1.193,-0.01119,-0.534
177,HEAD.L,121990024,15.099999,1.42,0.034590002,-0.743
178,GOLF,4029010432,22.02027,0.854,0.188,0.018
179,HAS.L,1429319296,N/A,1.13,-0.00798,N/A
180,LSL.L,353161376,42.500004,1.086,0.07954,N/A
181,7272.T,1203381600256,6.9783435,1.152,0.15376,-0.026
182,RCH.L,318041984,7.692308,1.007,0.06414,4.252
183,ATGE,2640547328,20.485378,0.954,0.097449996,1.575
184,7701.T,1371341455360,24.330683,0.811,0.11965,-0.1
185,SAP.DE,224644562944,89.1574,0.921,0.061,-0.725
186,GWI.L,694557504,N/A,N/A,N/A,N/A
187,POOL,13255598080,29.09152,1.001,0.31962,-0.156
188,AZO,53306875904,21.607119,0.709,N/A,0.075
189,ZWS,5469696000,43.835617,0.956,0.08043,0.33
190,GTX,1694204288,3.672986,1.158,N/A,N/A
191,LKQ,10524975104,14.538181,1.283,0.12129,-0.336
192,2154.T,176061218816,16.863462,1.431,0.15147,1.069
193,MIDW.L,314097856,13.954545,0.66,0.13248,-0.462
194,HPQ,32929286144,11.992983,1.083,N/A,-0.145
195,AZEK,5920154112,35.964912,1.875,0.11604,0.478
196,ADV.DE,1007775168,N/A,0.457,-0.06216,N/A
197,VRE,1745794688,N/A,1.241,-0.08833,N/A
198,NSIT,6559602176,25.037313,1.457,0.17874001,0.046
199,KMX,12584649728,31.619608,1.688,0.06728,-0.326
200,OXIG.L,1265211008,25.348835,0.961,0.14288001,-0.255
201,CDNS,69224431616,65.49482,1.02,0.29442,0.037
202,CAH,27505715200,32.695652,0.616,N/A,48.135
203,VNT,4962973184,12.419231,1.287,0.46787,-0.274
204,VTR,26507960320,N/A,1.388,-0.014359999,-0.816
205,QUAD,223249520,N/A,1.615,-0.47787,N/A
206,COR,46361772032,25.681868,0.441,1.87717,0.03
207,REG,13592446976,35.788464,1.218,0.06131,0.064
208,7976.T,131563134976,10.329072,0.243,0.105399996,1.205
209,API.L,215773984,N/A,N/A,N/A,N/A
210,STAA,1478105344,91.0606,0.592,0.04356,0.25
211,JOUT,360963104,N/A,0.693,-0.016239999,-0.89
212,PNN.L,1822074752,N/A,0.286,-0.0074299998,N/A
213,ENR.DE,20322064384,38.969696,2.008,0.07389,N/A
214,WSM,16718440448,15.905049,1.728,0.55959,0.115
215,WIX.L,390640160,13.766666,0.778,0.18187,1.785
216,A,39677120512,28.649376,1.054,0.24658,1.569
217,EQR,29349079040,30.65306,0.91,0.085939996,0.276
218,PFG,18343768064,15.058934,1.192,0.118190005,-0.057
219,8952.T,840910241792,23.508913,0.416,0.06751,N/A
220,PTEC.L,1965269760,23.035713,1.319,0.059910003,N/A
221,SPGI,161454800896,49.033268,1.177,0.09255,1.019
222,FOXT.L,191210048,31.5,1.695,0.05692,0.462
223,HPE,22856591360,12.48227,1.203,0.086660005,0.086
224,8976.T,293172150272,23.61689,0.439,0.05011,N/A
225,2124.T,126505861120,21.614227,1.27,0.37445,-0.109
226,4641.T,53649371136,15.395585,0.549,0.20681,0.32
227,LZB,1604073088,13.647687,1.289,0.12512,-0.032
228,CWC.DE,696907008,11.245791,1.049,0.17576,N/A
229,AAD.DE,489437600,13.387815,1.664,0.26590002,N/A
230,STX,21331056640,64.13924,1.058,N/A,N/A
231,ESS,19946332160,37.1349,0.895,0.095369995,-0.066
232,AMAT,146372919296,19.94944,1.541,0.4391,0.108
233,AMH,16376559616,40.402058,0.765,0.05447,-0.074
234,AG1.DE,1941849472,N/A,2.006,-0.124180004,N/A
235,LEA,6197800448,11.782887,1.455,0.12321,0.063
236,7762.T,223827787776,8.872763,0.216,0.100209996,0.393
237,ANIK,359115904,N/A,0.836,-0.30629998,N/A
238,PKE,267344880,39.999996,0.406,0.05847,-0.455
239,HIW,3420050944,22.425533,1.283,0.06171,0.479
240,MAA,19231191040,36.43182,0.873,0.08469,-0.307
241,RDFN,1270102912,N/A,2.66,-7.44568,N/A
242,PSM.DE,1202643456,N/A,1.543,-0.01909,N/A
243,4848.T,54510497792,8.861919,0.977,0.23205,-0.175
244,HLE.DE,9777768448,29.729729,1.092,N/A,0.78
245,5108.T,3725953335296,10.881347,0.404,0.09681,0.22
246,RELL,166013920,Infinity,0.947,0.00037999998,N/A
247,3107.T,251726643200,64.92041,0.547,0.02763,-0.102
248,PSA,61518827520,32.911983,0.67,0.20954001,-0.113
249,AY,2538074112,72.83333,1.0,0.01743,-0.385
250,7476.T,202031955968,27.248209,N/A,0.12168,0.121
251,ORLY,65199566848,28.291468,0.924,N/A,0.032
252,LOW,138833854464,20.192244,1.09,N/A,-0.086
253,ALV.DE,111056928768,12.334784,1.075,0.16454001,0.105
254,BBSI,915865024,19.147541,1.381,0.26181,0.509
255,DLB,6589472768,31.701834,0.969,0.08917,1.353
256,OPEN,1384919808,N/A,2.688,-0.41222,N/A
257,RSW.L,2410654720,24.738806,0.633,0.11305001,-0.295
258,SMDS.L,6308812800,16.357143,0.872,0.095819995,N/A
259,7613.T,49914552320,8.143823,0.973,0.06493,-0.547
260,LMP.L,4124111616,18.381819,0.896,0.0402,N/A
261,O5G.DE,6799253504,N/A,-0.031,-0.0936,N/A
262,CCI,51079008256,43.054947,0.861,0.18743,-0.45
263,DLN.L,2681509120,N/A,1.035,-0.098979995,N/A
264,ALV,7784557056,12.995989,1.608,0.25755,1.796
265,LITE,3481600000,N/A,0.887,-0.47252998,N/A
266,MNDI.L,6330576896,19.405405,0.676,0.074149996,-0.357
267,8084.T,54658248704,9.960159,0.493,0.06554,-0.209
268,AMBP,2139658624,N/A,0.607,-0.38431,N/A
269,BXP,13156301824,70.094345,1.199,0.031770002,-0.232
270,EXLS,5818649600,33.379627,1.005,0.21193,-0.034
271,8022.T,232691548160,15.751847,0.478,0.10746,0.099
272,HFD.L,318903424,11.23077,1.616,0.05222,N/A
273,BDN,869413824,N/A,1.309,-0.11592,N/A
274,8060.T,619875205120,16.317892,0.226,0.08843,0.294
275,MTH,6893812736,8.345207,1.807,0.18359,0.257
276,XRAY,5140827136,N/A,1.009,-0.0535,N/A
277,FL,2381210368,N/A,1.425,-0.11882,N/A
278,HAE,3722154240,32.61435,0.301,0.12982,-0.075
279,BRX,8253839360,28.237112,1.548,0.1031,0.232
280,6701.T,3342921891840,21.73913,0.34,0.08122,N/A
281,MTD,29383712768,38.158447,1.139,N/A,0.07
282,MSI,73221505024,51.38993,0.977,2.51541,0.209
283,FME.DE,10545262592,19.856354,0.857,0.050630003,0.333
284,DLR,49860444160,42.91379,0.619,0.05388,-0.411
285,SAFE.L,1955485440,7.3966937,0.861,0.13585,0.674
286,LRCX,95369248768,25.347256,1.483,0.45706,0.303
287,7864.T,121802072064,10.659826,0.442,0.08816,0.51
288,FOXA,17748221952,12.798722,0.77,0.14313,-0.08
289,LEG,1573767168,N/A,1.09,-0.69751,N/A
290,HLCL.L,283478592,N/A,0.724,-0.37596,N/A
291,FARO,318379488,N/A,1.248,-0.05668,N/A
292,3466.T,266750394368,22.416386,0.355,0.053400002,0.245
293,SAX.DE,3136264704,29.020617,1.244,0.2903,0.686
294,9468.T,409442877440,37.481537,0.667,0.05968,-0.076
295,4732.T,662195601408,19.492363,0.565,0.18165001,0.157
296,KBX.DE,12049699840,20.040215,0.965,0.22363001,0.199
297,JDG.L,703980992,73.61111,0.829,0.14442,0.049
298,IRM,32381360128,141.52565,1.026,0.81127,308.278
299,BOSS.DE,2345170432,9.085562,1.34,0.18892,-0.507
300,NSP,3254212608,20.397648,1.131,1.1843699,0.5
301,G1A.DE,7064195584,17.656904,1.002,0.17867,0.033
302,RDW.L,2576698368,12.171875,1.721,0.10556,-0.589
303,RNW,2168533504,199.33334,0.923,0.01296,-0.97
304,FRT,9873086464,34.346043,1.256,0.093310006,0.843
305,MODG,1889515264,93.454544,1.745,0.0053899996,-0.459
306,PINE.L,303597888,5.6209674,0.558,N/A,0.011
307,SPG,60705452032,20.60178,1.769,0.8296,0.016
308,MPX,312459296,12.162162,1.202,0.19056,-0.663
309,6702.T,5179412316160,19.8017,0.855,0.14973,2.969
310,1925.T,2911767887872,8.944544,0.548,0.13307,0.567
311,BSL.DE,275112640,N/A,1.949,-0.10817,0.009
312,IVT,1987643520,325.1111,-5.964,0.00415,-0.333
313,TBCG.L,1579111936,4.635332,1.074,0.25877002,0.125
314,HBH.DE,1263273216,8.195021,1.358,0.080340005,0.436
315,PAG,10469009408,11.537159,1.16,0.19487,-0.182
316,JD.L,7041295872,13.585,1.655,0.22002001,81.226
317,6448.T,709986811904,22.221777,N/A,N/A,0.017
318,AMT,111413067776,44.668537,0.83,0.21584,0.882
319,ESCA,192061840,16.47619,1.243,0.07249,-0.231
320,BKG.L,5049970688,12.85974,1.224,0.11537,-0.225
321,IGT,4354077184,20.740385,1.969,0.16097,-0.13
322,CRMT,322780512,N/A,1.681,-0.07486,N/A
323,BCYC,1818668800,N/A,0.885,-0.30235,N/A
324,TPX,8474070528,23.349283,1.595,1.31961,0.154
325,6915.T,36387856384,13.089005,0.43,0.07301,0.263
326,TMO,236997951488,38.4399,0.778,0.13527,0.151
327,9934.T,213742911488,13.262322,0.306,0.102790006,0.17
328,WAT,19714086912,33.21,0.955,0.5457,-0.059
329,AN,6502627328,8.921067,1.199,0.36501,-0.468
330,THRM,1437898880,21.956938,1.431,0.10313,N/A
331,PETS.L,1391935616,18.9875,0.694,0.07867,-0.032
332,GPC,19032231936,15.811342,0.913,0.28061,-0.135
333,RWA.L,238780400,41.25,1.218,0.03638,N/A
334,MNRO,741140736,22.72477,1.107,0.05128,-0.331
335,3462.T,711995228160,23.94841,0.442,0.04992,0.241
336,UDMY,1154780160,N/A,1.988,-0.29782,N/A
337,HD,363068456960,24.581036,1.003,5.13362,-0.011
338,EGP,9047736320,38.681248,1.007,0.09089,0.175
339,NWL,2953600000,N/A,0.9,-0.08382,1.71
340,SPT.L,993868416,86.9,0.569,0.035639998,N/A
341,6981.T,5300647624704,26.667624,0.789,0.07856,0.331
342,CSCO,194348548096,19.17323,0.819,0.22982,-0.439
343,HASI,3810137088,14.373333,1.968,0.12236,0.687
344,RWS.L,604646656,N/A,0.759,-0.038039997,-0.45
345,6436.T,300534038528,22.778534,0.389,0.110290006,0.044
346,ASCL.L,1152418432,47.416668,1.219,0.08849,N/A
347,OKTA,12106063872,N/A,1.019,-0.0231,N/A
348,MOV,413988384,11.71698,1.024,0.07324,-0.556
349,UDR,16727232512,108.585365,0.841,0.030350002,-0.923
350,PMT,1196076032,8.883871,1.472,0.0968,0.063
351,CMLS,25404300,N/A,1.452,-0.4388,N/A
352,G24.DE,5386747392,31.319149,0.529,0.12564999,-0.204
353,JNPR,12620109824,54.0,0.921,0.05277,0.429
354,RDWR,855016192,N/A,0.975,-0.03598,N/A
355,8967.T,244774092800,25.397377,0.368,0.06768,-0.005
356,8159.T,62439038976,8.388725,0.503,0.08495,-0.379
357,HST,23975061504,15.820756,1.341,0.10767999,0.17
358,AGR.L,1312606720,N/A,0.365,-0.018819999,N/A
359,3295.T,200160002048,19.586403,0.542,0.051030003,N/A
360,8960.T,422337806336,19.607843,0.492,N/A,0.125
361,8035.T,10136841093120,23.980816,1.216,0.25714,0.988
362,2181.T,632497766400,19.157608,1.169,0.17556,0.381
363,SBRA,4069165824,75.52174,1.243,0.01833,0.111
364,ICG.L,6074208768,13.0625,1.974,0.21561001,-0.016
365,EQIX,78975246336,76.381996,0.7,0.085,0.43
366,ADNT,1935615872,29.6,2.164,0.06547,N/A
367,TEL,44013551616,12.965086,1.325,0.28673,0.114
368,BIG.L,314300672,17.750002,0.498,0.15409,-0.199
369,CI,99969507328,28.269566,0.509,0.091280006,0.108
370,7734.T,177681711104,21.979605,0.489,0.11525,-0.116
371,TBI,215948192,N/A,1.494,-0.27524,N/A
372,SREI.L,237218832,48.500004,N/A,N/A,N/A
373,UTG.L,4645426176,15.590164,1.241,0.06724,1.317
374,HOG,4791004672,7.368421,1.458,0.20142001,0.336
375,UTMD,229941936,15.272517,0.078,0.12717,-0.15
376,SVT.L,8158131712,53.29412,0.385,0.099980004,0.401
377,DRH,1731737600,28.655174,1.606,0.04349,-0.412
378,BFSA.DE,991356672,17.125,1.606,0.07259,1.0
379,7906.T,162316779520,17.537626,0.308,0.15544,0.162
380,DHL.DE,45582422016,14.233577,1.071,0.15597,-0.213
381,DFS.L,283314240,15.125001,1.584,0.07722,-0.903
382,8984.T,544271990784,25.198303,0.241,0.04172,N/A
383,FTDR,3622454784,18.257694,1.039,1.1942,0.388
384,SUPR.L,943403648,Infinity,N/A,N/A,N/A
385,IFX.DE,37927149568,18.046297,1.701,0.12718001,-0.523
386,WLY,2325231360,N/A,0.859,-0.13265,N/A
387,AOX.DE,651751296,N/A,1.033,-0.2892,0.16
388,JBGS,1495751040,N/A,1.081,-0.06501,N/A
389,GPI,4750696448,8.748457,1.327,0.20731,-0.155
390,CLMB,404890784,29.10265,1.048,0.18771,1.431
391,BAH,19631865856,32.750004,0.593,0.58025,0.04
392,ETD,729397376,11.522088,1.257,0.1338,-0.273
393,ARE,20684998656,145.98766,1.173,0.01491,-0.511
394,LVWR,1130070016,N/A,0.962,-0.471,N/A
395,SSP,149844976,N/A,1.74,-0.19748,N/A
396,TW.L,5635552256,22.742857,1.812,0.0551,-0.586
397,SMTC,3195655424,N/A,1.539,-7.74954,N/A
398,AGYS,2821638144,27.878786,0.836,0.49271,11.5
399,SDRY.L,3270419,N/A,2.159,-5.94196,N/A
400,SEE,4852367360,13.324,1.348,0.68461,-0.018
401,SLG,4082379008,N/A,1.815,-0.03366,N/A
402,NVDA,2611709214720,49.985912,1.673,1.23767,1.68
403,7867.T,319939641344,30.395576,0.551,0.109060004,0.413
404,WTS,6368058880,23.17233,0.889,0.18202999,0.08
405,AKAM,14405576704,23.590569,0.676,0.13906,0.024
406,NCC.L,477064160,N/A,0.768,-0.097040005,N/A
407,SKT,3363729152,34.17778,1.835,0.18969999,-0.041
408,3282.T,253220978688,29.11463,0.21,0.05599,-0.008
409,IBM,187481260032,22.489502,0.693,0.36244,0.141
410,3421.T,27827818496,11.723145,0.129,0.05627,0.218
411,6200.T,89856180224,27.933842,1.185,0.39619,0.161
412,EA,38124060672,33.95294,0.791,0.15624,-0.293
413,TSCO,29425586176,26.331083,0.799,0.51282,0.026
414,ACRE,382176096,N/A,1.496,-0.07645,N/A
415,CEC.DE,1241195392,9.135715,2.215,0.27309,N/A
416,PANW,112022675456,47.194786,1.132,0.74517995,0.591
417,ADS.DE,38209482752,198.14815,1.147,0.048109997,1.255
418,AV.L,13133227008,10.75,0.895,0.14025,0.674
419,MCK,66060058624,22.752123,0.441,N/A,-0.003
420,RTO.L,11856979968,29.506252,0.552,0.09661,0.06
421,VID.L,293870624,N/A,1.003,-0.052470002,N/A
422,5988.T,78536507392,21.009016,0.392,0.03852,-0.783
423,AL,4695654400,9.047211,1.603,0.07971,-0.263
424,QCOM,179097780224,20.558825,1.284,0.38924,0.174
425,BCPT.L,666472512,N/A,N/A,N/A,N/A
426,GWRE,13894046720,N/A,1.182,-0.0047999998,0.334
427,LEVI,7484981760,52.305553,1.136,0.07391,N/A
428,3451.T,51009650688,18.15614,0.503,N/A,0.063
429,NDAQ,41180119040,41.65698,0.962,0.11017,-0.296
430,8141.T,30192490496,12.408163,0.047,0.045029998,-0.704
431,QGEN,10198776832,131.11429,0.388,0.020680001,N/A
432,TM17.L,323894240,N/A,0.312,-0.015,N/A
433,8986.T,242133139456,20.668966,0.16,N/A,0.135
434,DWNI.DE,9268432896,N/A,0.761,-0.08315,N/A
435,GAW.L,3354513664,22.227076,1.245,0.62117,0.168
436,KRC,4094233600,20.559525,1.053,0.03929,-0.128
437,BIRK,8373416960,68.58462,N/A,0.04422,0.151
438,CRI,2507261952,10.75814,1.234,0.30037,0.194
439,PAG.L,1520557568,11.219697,1.52,0.14433,1.35
440,2715.T,71614906368,12.672996,0.588,0.08322,-0.064
441,TPR,9505824768,11.797143,1.552,0.31538,-0.284
442,FOSL,54196984,N/A,2.204,-0.5815,N/A
443,CCEP,37818986496,21.015463,0.755,0.19393,-0.07
444,RWI.L,504541952,14.0222225,1.235,0.1367,N/A
445,ILM1.DE,410641792,24.02985,1.076,0.0332,-0.481
446,ACLS,3182172928,13.438016,1.58,0.28523,-0.167
447,COMM,974527488,N/A,2.08,N/A,N/A
448,JAKK,260762528,8.825278,2.346,0.16068001,-0.19
449,HQI,196560000,33.428574,1.0,0.09151,0.007
450,CAR,2485431296,3.42457,2.129,N/A,-0.964
451,FRE.DE,18941661184,57.000004,1.07,0.0083099995,N/A
452,HAYW,3029002240,34.341465,1.21,0.0687,0.308
453,8968.T,113668800512,19.329218,0.679,0.05906,0.063
454,HOFT,169602624,113.07143,1.191,0.00721,N/A
455,3249.T,304853647360,17.323978,0.43,0.07618,0.194
456,6861.T,15611333705728,41.322422,0.703,0.13956,0.099
457,CNH,13189766144,6.831169,1.601,0.26511,-0.346
458,IPO.L,440636544,N/A,1.36,-0.13590999,N/A
459,CURY.L,877888000,38.725,1.314,0.01362,N/A
460,ANET,102027460608,42.17792,1.073,0.34463,0.342
461,7718.T,64361185280,19.94138,0.604,0.04397,N/A
462,BNR.DE,9379249152,15.805352,0.896,0.13941,-0.16
463,CCC.L,2660977408,13.930635,0.712,0.21895,0.055
464,LOPE,4022702592,18.554348,0.695,0.31231,0.24
465,STAG,7353530368,38.019234,1.091,0.05608,0.143
466,7282.T,311409147904,6.0716763,0.603,0.10637999,0.039
467,G,6906179072,10.949152,1.14,0.30339,0.063
468,8957.T,143218393088,16.520073,0.464,0.07047,N/A
469,8955.T,339539099648,22.831049,0.516,0.054369997,-0.07
470,VNO,6925660672,370.5555,1.626,-0.00112,-0.25
471,7944.T,104763940864,12.164591,0.228,0.20761,0.51
472,RXRX,1727296640,N/A,0.81,-0.71182996,N/A
473,CNXN,1833950720,20.820896,0.624,0.10628,0.32
474,MKTX,9732464640,37.146973,1.077,0.21017,0.082
475,CREI.L,361496992,N/A,N/A,N/A,N/A
476,WPC,13487541248,23.703848,0.957,0.06387,-0.031
477,AMD,223593005056,162.5294,1.693,0.024249999,8.553
478,ELS,14515226624,38.645832,0.8,0.24858999,0.243
479,AKR,2504045824,2234.0,1.488,-0.0141900005,-0.889
480,DOX,9820999680,19.632185,0.747,0.14219,-0.083
481,TGNA,2324319744,5.711382,0.498,0.15447,-0.477
482,SNPS,71301472256,47.851547,1.078,0.21819,0.204
483,VICI,35457175552,13.278432,0.959,0.10666,0.035
484,HWDN.L,5137385472,20.315218,1.066,0.27752,N/A
485,KNOS.L,1059598080,21.589745,0.791,0.34047002,0.344
486,9983.T,13526424879104,36.363636,0.687,0.19893,0.374
487,BBY,21159385088,16.941278,1.479,0.4241,0.072
488,MRL.L,392500064,N/A,0.438,-0.03111,N/A
489,MHK,9413283840,N/A,1.375,-0.04518,0.557
490,GPMT,131778656,N/A,1.803,-0.21066,N/A
491,FERG,37369716736,20.313662,1.209,0.36473998,0.337
492,STVG.L,118426360,17.333332,0.089,N/A,0.729
493,USFD,13961816064,27.185715,1.66,0.10858,0.096
494,RL,10758254592,16.781643,1.502,0.28403,0.332
495,INVP.L,3651616768,8.323529,1.093,0.12081,0.016
496,FRA.DE,4318369280,9.310758,1.756,0.11243,0.309
497,MOTR.L,130117016,N/A,0.995,-0.24,N/A
498,BMY.L,561921536,17.692308,0.662,0.16549,1.072
499,COLD,8383645696,N/A,0.612,-0.08038,N/A
500,ADBE,252684795904,51.340538,1.296,0.34223998,0.238
501,PARA,7365381632,N/A,1.77,-0.29097998,N/A
502,THRY,628041856,N/A,0.967,-0.92142,-0.651
503,ETWO,1342749184,N/A,0.341,N/A,N/A
504,8173.T,71062806528,15.190505,0.175,0.046490002,-0.236
505,GYC.DE,2173409024,N/A,0.789,-0.05846,N/A
506,TTEK,12202711040,42.212963,0.945,0.18655,0.42
507,CENT,2263961088,17.414747,0.694,0.09625,-0.048
508,LOVE,325471968,23.516855,2.905,0.07611,N/A
509,PK,2941551104,9.915493,2.023,0.0813,N/A
510,AAT,1966390016,28.662922,1.319,0.05904,-0.009
511,6645.T,1161977659392,N/A,0.972,-0.01495,N/A
512,DECK,22719363072,28.565178,1.054,0.41874,0.876
513,ITI,303874304,236.66667,0.862,0.020550001,-0.817
514,6866.T,110298841088,20.242916,0.561,0.14789,-0.22
515,7433.T,89120055296,13.234308,0.441,0.10402001,254.713
516,KBH,6019312128,10.587302,1.807,0.15656,0.109
517,MSFT,3015732887552,34.353935,0.896,0.37133,0.097
518,8818.T,75594072064,21.175987,0.293,0.04815,-0.168
519,CPT,12936957952,33.238354,0.916,0.08158,-0.528
520,EXR,38538907648,47.743168,0.871,0.08825,-0.414
521,PLCE,61761852,N/A,2.158,-3.5946,N/A
522,JBHT,17515247616,29.610344,1.153,0.15131,-0.271
523,7752.T,892075835392,21.141546,0.613,0.040900003,-0.098
524,NTAP,23468132352,22.470589,1.219,1.2042199,0.696
525,ABM,3135797504,20.636362,1.139,0.08438,-0.952
526,AMS.L,504028000,33.571426,0.741,0.06609,-0.347
527,CNXC,4656651264,16.732393,0.671,0.0767,-0.348
528,FGP.L,956030336,N/A,1.587,-0.0053100004,-0.459
529,7309.T,2339002908672,43.10345,0.369,0.064380005,-0.33
530,8014.T,85998133248,7.4323316,0.467,0.14499,0.873
531,HL.L,5248896000,17.854837,0.658,0.38458002,-0.054
532,FBRT,1057230656,15.566265,1.32,0.056020003,N/A
533,7593.T,58453626880,8.505018,0.714,0.09995,0.015
534,HELE,1255415808,8.6661415,0.849,0.099350005,-0.723
535,FIS,44949184512,81.57426,1.086,0.03136,N/A
536,ABG,4459758080,11.341971,1.161,0.12501,-0.851
537,PRU.L,16728636416,25.566666,1.201,0.054819997,-0.873
538,VFC,6841837056,N/A,1.548,-0.57025003,N/A
539,SITC,2981665024,6.661971,1.66,0.21096,110.0
540,MSCI,43885694976,37.34716,1.111,N/A,0.091
541,FIGS,919226816,59.777775,1.418,0.050580002,-0.677
542,KLIC,2111145216,N/A,1.39,-0.05391,2.143
543,LULU,30520520704,19.240326,1.253,0.43159,0.175
544,VOD.L,20065722368,19.145,0.54,0.025020001,N/A
545,CABO,1890033664,7.9274096,0.839,0.13387,-0.128
546,8953.T,700642426880,21.88184,0.763,0.05128,0.003
547,SRE.L,1478992384,14.042858,1.183,0.08282,6.153
548,8154.T,138954539008,7.4276886,0.633,0.12641,-0.3
549,ANSS,27063631872,54.62081,1.114,0.094289996,0.85
550,CTEC.L,4778988544,38.933334,0.645,0.0934,0.408
551,7780.T,99125346304,22.77952,0.343,0.05889,0.115
552,ORA,4353227776,33.03211,0.53,0.056649998,-0.08
553,NTGR,456278112,N/A,0.823,-0.28035998,N/A
554,SUI,18150160384,269.23077,0.924,0.011419999,N/A
555,SIG,3380711424,6.151786,2.099,0.32939,N/A
556,HSIC,8728913920,25.420664,0.861,0.07253,-0.245
557,CRUS,7189681664,25.020445,0.967,0.17181998,1.714
558,COLM,4803606016,22.053764,0.917,0.12297,N/A
559,8130.T,166895108096,12.90015,0.391,0.12882,-0.358
560,ALFA.L,652447232,31.571428,0.081,0.50922,-0.101
561,6430.T,49743785984,5.8754716,0.021,0.22728,0.153
562,ORCL,385517256704,37.60484,1.0,1.9392301,-0.063
563,OMC,19349686272,13.679115,0.964,0.35424,-0.093
564,CIEN,7433658368,54.75532,0.937,0.047319997,-0.504
565,8897.T,68243116032,6.2399406,N/A,0.12827,N/A
566,KTB,4014909952,17.044916,1.224,0.69402003,0.438
567,HLN.L,35809964032,32.75,0.188,0.06822,0.032
568,3471.T,262048006144,30.533161,0.397,0.04107,-0.005
569,SMP,690687360,11.781481,0.513,0.09354,0.855
570,DJCO,649843904,14.458473,0.915,0.19572,33.498
571,ALGM,4077129728,58.342106,1.676,0.0696,N/A
572,CTRE,4613933056,50.71187,1.127,0.05375,N/A
573,9332.T,24638527488,13.003631,1.005,0.14736,0.679
574,4849.T,101590761472,21.505747,N/A,0.16266,1.087
575,CRM,234946560000,42.890053,1.297,0.09734,0.148
576,MCO,87810007040,47.60612,1.29,0.5131,0.473
577,4902.T,211498074112,31.440298,1.213,0.0116,N/A
578,3132.T,338373115904,8.012216,0.717,0.1774,-0.403
579,HUBS,25392494592,N/A,1.634,-0.02704,N/A
580,3493.T,82411683840,26.128643,0.399,0.04423,N/A
581,VEEV,36044890112,59.199467,0.811,0.13179,0.529
582,TPT.L,92432544,Infinity,1.452,0.05456,N/A
583,7483.T,73846767616,13.074226,0.497,0.07036,-0.039
584,AMCR,16043275264,21.764708,0.861,0.18400998,0.443
585,FCPT,2744406016,27.905663,1.117,0.07743,-0.005
586,RRTL.DE,4479810048,11.177607,0.835,0.1095,0.76
587,HTG.DE,244637408,N/A,1.057,-0.08493,N/A
588,FNKO,538857600,N/A,1.193,-0.18645,N/A
589,GBF.DE,1713032576,8.074205,1.322,0.19356,N/A
590,8150.T,24235952128,7.8491817,0.462,0.08325,1.909
591,TRNO,6616318464,37.933334,0.912,0.05243,-0.231
592,SAFE,1760183040,N/A,0.879,-0.00898,0.2
593,RITM,5671096320,9.7310915,1.786,0.093059994,-0.419
594,MUV2.DE,64512446464,10.899435,0.848,0.20419,0.438
595,8876.T,285836705792,N/A,0.601,-0.11075,5.009
596,RESI.L,100358352,N/A,N/A,N/A,N/A
597,9602.T,1007502622720,20.661129,0.356,0.113299996,0.336
598,GCI,643536000,N/A,2.484,-0.33501998,N/A
599,HWG.L,544294784,14.0,0.736,0.0612,N/A
600,BYIT.L,1100643328,24.052633,0.649,0.67010003,0.112
601,GLPI,14298515456,18.031141,1.001,0.18599,0.295
602,DAN,1455569024,N/A,2.282,-0.0016500001,-0.471
603,APD,60874022912,23.810436,0.828,0.16211,0.172
604,RDUS,411900256,N/A,1.521,-0.34813,N/A
605,ARLO,1099300352,N/A,1.765,-0.239,N/A
606,SIX2.DE,2668641280,11.72179,1.957,0.13122,-0.5
607,ZM,20495667200,23.782143,-0.051,0.112749994,0.173
608,OMF,5265133056,9.045267,1.548,0.18805,-0.306
609,OI,1892333568,N/A,1.176,-0.14308,-0.478
610,8283.T,280048009216,13.220027,-0.156,N/A,N/A
611,BVB.DE,403427936,12.603449,1.298,0.102,N/A
612,GEN,15831302144,26.791666,1.06,0.28326,N/A
613,ARI,1411139456,204.0,1.808,0.01134,N/A
614,8972.T,633108889600,13.263121,0.604,0.09007,N/A
615,8951.T,1144766332928,26.455027,0.395,0.055,N/A
616,CWH,980655296,N/A,2.492,-0.21849,-0.663
617,PEB,1509915136,N/A,1.839,-0.0321,-0.356
618,4307.T,2998858678272,35.71331,0.455,0.21219999,0.321
619,SVC,766407104,N/A,2.195,-0.1701,N/A
620,HAG.DE,N/A,N/A,N/A,N/A,N/A
621,NOEJ.DE,457544064,18.649351,1.556,0.03513,-0.391
622,COP.DE,735606144,22.64516,0.878,0.05057,-0.551
623,4194.T,363146674176,27.191319,0.733,0.32301,0.338
624,RF,20636067840,12.668539,1.188,0.103360005,N/A
625,HRB,8774879232,15.183576,0.678,9.75009,-0.076
626,MAT,6451301888,21.088888,0.798,0.16375,1.167
627,LASR,504357312,N/A,2.348,-0.20049,N/A
628,6703.T,85150482432,3.025733,0.361,0.2297,N/A
629,DT,15163364352,97.88462,1.055,0.08221,-0.001
630,7947.T,231676264448,21.399776,0.027,0.07697,-0.345
631,3002.T,93407436800,18.44593,0.275,0.04355,0.031
632,FR,7675501056,26.49765,1.09,0.11151,-0.055
633,2760.T,105899810816,10.2655945,0.547,0.24034001,0.135
634,NOW,176127131648,154.7161,0.987,0.147,-0.752
635,XPER,378823904,N/A,N/A,-0.28397,N/A
636,V,555762778112,30.612003,0.963,0.48548,0.202
637,DIS,160212533248,33.846745,1.398,0.0546,N/A
638,7250.T,79530614784,4.654874,0.589,0.10853,0.083
639,7990.T,42073448448,7.5337396,1.108,0.06932,-0.531
640,CRST.L,504950400,N/A,1.995,-0.03167,N/A
641,3738.T,211558940672,24.301102,0.282,0.10899,1.51
642,SCHL,857016000,75.799995,1.03,0.011089999,-0.455
643,AGS,454288160,102.63636,2.364,0.07176,-0.5
644,3487.T,93338992640,20.90812,0.398,N/A,-0.02
645,7552.T,89990258688,12.28779,0.191,0.15343,0.638
646,ZAL.DE,5741331968,38.000004,1.638,0.064229995,0.693
647,9882.T,112293642240,11.153458,0.171,0.08953,-0.066
648,MFA,1255620864,19.52381,2.205,0.05145,N/A
649,INTC,81543315456,79.458336,1.02,0.00782,N/A
650,HOLI,1643316096,21.83471,0.479,0.061389998,-0.681
651,ADP,112384221184,30.251373,0.802,0.9314,0.072
652,MET,52860534784,20.51087,1.029,0.10122,1.667
653,HIG,34256269312,12.306316,0.924,0.19529,0.41
654,CIM,1232119808,8.84393,1.797,0.08383001,0.8
655,ZTS,86863470592,37.520546,0.883,0.48888,-0.055
656,CALX,2262879232,1146.3334,1.744,0.0033399998,N/A
657,8111.T,364883509248,14.847226,0.457,0.27607,0.096
658,VPG,317454880,15.451613,1.168,0.06521,-0.433
659,ADSK,55099183104,52.39139,1.476,0.57445997,0.262
660,7220.T,126977548288,13.966722,1.4,0.073979996,0.649
661,JUP.L,428395264,N/A,1.416,-0.01076,0.152
662,TT,77923852288,33.753666,1.212,0.3575,0.297
663,4298.T,56833527808,10.79902,0.781,0.11343,-0.119
664,VSCO,1813153920,13.194285,2.23,0.36020002,N/A
665,MIR,2240990464,N/A,0.791,-0.042129997,N/A
666,FND,11406430208,54.86598,1.798,0.10876001,-0.212
667,WY,22015825920,29.676472,1.418,0.07381,-0.235
668,KW,1486797824,N/A,1.128,-0.15883,N/A
669,7741.T,6709524824064,35.33575,0.666,0.20426,0.246
670,CTSH,37734440960,17.341686,1.05,0.16379999,0.251
671,SHO,1998861696,11.987804,1.249,0.08519,-0.42
672,HABA.DE,530358304,59.272728,0.667,0.02182,N/A
673,3281.T,648459452416,24.085735,0.4,0.05594,-0.084
674,SFQ.DE,743558400,7.9317074,1.976,0.20268999,0.359
675,CSR,1195414784,N/A,0.915,-0.00756,N/A
676,ANF,6806747136,14.1314945,1.506,0.50931,1.273
677,ADC,7707192832,42.64246,0.62,0.03701,0.244
678,9832.T,115614539776,20.135777,0.323,0.045500003,-0.457
679,R,5794321920,12.338248,1.269,0.16059999,N/A
680,AEO,3649216000,15.2,1.477,0.14731,0.568
681,TLX.DE,19599581184,10.585774,0.824,0.17497998,0.258
682,6856.T,359030358016,10.537462,0.918,0.12072,0.131
683,8961.T,229263998976,15.927702,0.485,0.073460005,N/A
684,ZUMZ,447143104,N/A,1.25,-0.15129,0.012
685,AXL,687848832,585.0,1.945,0.0035100002,1.204
686,VAR1.DE,63834624,N/A,1.462,-0.98946,N/A
687,6674.T,288319471616,7.2045746,N/A,0.124680005,N/A
688,AON,76141150208,28.219807,0.917,0.82436997,-0.092
689,SYY,38540161024,20.156813,1.198,0.99415,-0.144
690,WOSG.L,894075264,14.928,2.168,0.119119994,-0.787
691,DXC,3728364032,47.95349,1.68,0.020580001,-0.176
692,CASS,549540608,20.266333,0.718,0.12331,-0.385
693,CROX,7466488832,9.474755,1.996,0.57123,0.112
694,XHR,1425514368,60.500004,1.525,0.01756,0.245
695,CLDT,411552960,N/A,1.794,-0.00035999998,-0.323
696,6460.T,616156168192,15.360764,0.178,0.10920999,0.455
697,ARCB,2345407232,18.893333,1.464,0.10457,0.199
698,NOVA,1298585600,N/A,2.218,-0.19775999,N/A
699,TER,20266459136,40.855263,1.492,0.1919,0.562
700,ABDP.L,444169600,32.79661,0.722,0.112849995,1.857
701,OMI,1109414400,N/A,0.387,-0.048309997,N/A
702,2475.T,33641779200,9.478751,0.266,0.12718001,-0.118
703,SPTN,733618496,16.345863,0.405,0.05942,-0.393
704,FDM.L,438831232,14.357142,0.968,0.41507,-0.477
705,3076.T,113899520000,7.1633587,0.561,0.21381001,0.818
706,CNC,37263966208,13.340866,0.484,0.10585,0.125
707,WEYS,302942496,10.069401,0.695,0.12523,0.18
708,EBAY,29061269504,11.562257,1.312,0.50014,0.4
709,BERY,7604856320,14.457516,1.143,0.16395001,0.398
710,MRVL,59707166720,N/A,1.453,-0.06528,N/A
711,ROIC,1910535424,55.518517,1.466,0.02722,-0.27
712,MLAB,653372416,N/A,0.85,-0.92974997,N/A
713,AVY,17680384000,28.18742,0.895,0.29315,0.758
714,GSK.L,67853500416,14.721239,0.31,0.33299,-0.282
715,5970.T,69357027328,5.235602,0.892,0.0715,0.113
716,MMS,5199292928,18.113209,0.759,0.1701,1.92
717,SCI,11419468800,23.122807,0.845,0.32022998,-0.058
718,TDC,2629296128,42.750004,0.802,0.42321,1.258
719,TJX,132039737344,28.346247,0.889,0.66199,0.129
720,6857.T,4333001768960,56.181942,0.998,0.18312,1.592
721,ULTA,17977556992,15.311798,1.312,0.54978,-0.12
722,O,54742761472,58.2037,0.992,0.02417,N/A
723,BNL,3608946432,22.036146,1.125,0.05049,-0.418
724,OSIS,2300039936,18.808943,1.081,0.16124001,0.039
725,CPI.L,304901280,N/A,1.944,-0.20624,N/A
726,3591.T,241265819648,N/A,0.21,-0.03886,0.126
727,BR,24584751104,36.008545,1.059,0.31667998,0.002
728,CVLT,6245319168,36.822163,0.599,0.77036005,0.464
729,NFLX,289866612736,42.266582,1.262,0.31570998,0.483
730,BSY,14002002944,40.295654,1.035,0.46056998,0.457
731,8008.T,39801806848,30.079456,0.275,0.0347,0.045
732,MA,449990787072,37.210846,1.103,1.8770399,0.167
733,SEDG,1027951296,N/A,1.559,-0.2212,N/A
734,6758.T,15956719960064,16.260162,0.82,0.13113,0.078
735,5991.T,351339741184,7.746045,0.777,0.11898,1.197
736,SONO,1379513984,N/A,2.048,-0.0309,N/A
737,ETSY,6007266816,24.348835,1.974,N/A,-0.089
738,WOOF,778027200,N/A,1.886,-0.74355006,N/A
739,PVH,5323248640,7.624,2.114,0.14523,0.867
740,COO,21514821632,60.016666,0.981,0.0465,0.209
741,IDS.L,3263666688,56.833336,1.53,0.0147,N/A
742,WHR.L,378127200,11.125,N/A,N/A,N/A
743,7974.T,9037950222336,23.094585,0.273,0.15783,-0.553
744,AHT.L,22938374144,19.524164,1.221,0.22438999,-0.096
745,BYW6.DE,412337568,N/A,0.556,-0.12099,N/A
746,VRA,152451936,36.928574,1.892,0.01784,N/A
747,ICLR,24737318912,34.73256,1.226,0.07773,0.257
748,NXST,5250344448,12.77551,1.487,0.15693,0.341
749,NXT,4975780352,8.939154,N/A,0.65813005,0.93
750,URI,46026616832,18.411112,1.681,0.32622,0.112
751,CPRT,47556763648,35.3,1.271,0.20129,-0.083
752,6737.T,91562754048,20.533407,N/A,0.03441,-0.579
753,CYBR,11214691328,N/A,1.12,-0.01676,N/A
754,DELL,74896949248,19.500921,0.959,N/A,0.857
755,ASO,3796680960,8.07362,1.341,0.27976,-0.151
756,VSTO,2193209088,N/A,0.81,-0.00548,-0.02
757,SHOO,3159552768,17.831966,1.092,0.21937999,0.065
758,BNZL.L,12258191360,25.158619,0.448,0.17857,-0.162
759,LCII,2835725312,23.34801,1.418,0.08767,0.832
760,GLOB,8500856832,51.58115,1.397,0.096140005,0.024
761,WCC,7519284736,11.894246,2.034,0.15032,0.255
762,8964.T,229113495552,18.863976,0.484,0.06791,N/A
763,DOCS.L,647238912,9.614286,0.106,0.17918,-0.386
764,8056.T,474231799808,18.88459,0.469,0.16618,0.121
765,7832.T,2132255965184,18.831858,N/A,0.1671,0.577
766,1435.T,13033208832,15.104166,1.184,0.09909,N/A
767,ABDN.L,2629040128,8.676471,1.249,0.0624,N/A
768,6417.T,460114558976,9.881253,N/A,N/A,0.172
769,S92.DE,628764032,3.7828813,1.364,0.25977,-0.698
770,SDR.L,5439225344,14.669564,1.17,0.0896,-0.059
771,DEA,1380283392,69.89474,0.699,0.01474,-0.2
772,DX,931606272,415.6667,1.319,0.0135699995,N/A
773,GT,2223405568,N/A,1.696,-0.070700005,N/A
774,3186.T,147381780480,12.437952,0.732,0.17325,-0.117
775,PATH,6703988224,N/A,0.87,-0.058920003,N/A
776,TW,24864712704,56.38614,1.016,0.083050005,0.31
777,NRR.L,247286944,79.200005,1.103,0.00811,N/A
778,NSSC,1296876160,26.246267,1.646,0.31228,0.287
779,6744.T,155217281024,17.793066,0.357,0.07463,N/A
780,2733.T,124044648448,11.665171,0.059,0.098450005,0.155
781,3226.T,325746393088,27.952993,0.265,0.076799996,0.063
782,4324.T,1147514388480,N/A,0.854,-0.014249999,-0.997
783,HVT,409856736,10.695279,1.371,0.12726,-0.614
784,GHC,3235356416,24.3168,1.115,0.03509,N/A
785,RGEN,8092379648,N/A,0.949,-0.00096000003,-0.83
786,WSR,658776128,41.903225,1.264,0.03782,-0.773
787,9104.T,1772186107904,6.3938823,1.285,0.12165,0.174
788,MMSI,5673000448,48.48756,0.872,0.094469994,0.743
789,ITRK.L,8112140288,26.5,0.633,0.2514,0.085
790,7419.T,175843360768,8.099632,0.533,0.12941,0.657
791,ESTC,7305169408,116.55737,0.944,0.104169995,N/A
792,6745.T,44849377280,7.2992406,0.265,0.12359,5.546
793,4062.T,597749530624,17.985674,N/A,0.069070004,0.134
794,LRN,3384370688,16.673773,0.266,0.19232,1.083
795,9474.T,45794979840,22.022589,0.522,0.06532,N/A
796,ODFL,40669282304,32.496574,0.992,0.32136002,0.113
797,VTU.L,229261040,9.928572,1.148,0.07402,-0.178
798,AZTA,2257455104,N/A,1.473,-0.066350006,N/A
799,DORM,3323208960,19.908424,0.823,0.14955,0.471
800,EPR,3608881920,19.45306,1.755,0.085209996,4.1
801,BURL,16738754560,39.657616,1.638,0.45173,1.447
802,1928.T,2493842718720,10.729721,0.622,0.12652999,0.453
803,PSDL.L,149678656,N/A,N/A,N/A,N/A
804,6471.T,354442018816,25.774046,0.409,0.02182,N/A
805,WBA,7691780096,N/A,0.683,-0.55966,1.915
806,THRL.L,534024032,9.566667,N/A,N/A,N/A
807,BOOT,4256791552,28.30629,2.114,0.16892,0.115
808,GWW,47465418752,26.633972,1.159,0.55533004,0.025
809,POWW,162697088,N/A,0.246,-0.059970003,N/A
810,3003.T,1117622239232,11.810137,0.397,0.122770004,0.278
811,2692.T,91853881344,13.568469,0.396,0.063379996,0.086
812,DE,105946128384,13.216042,0.929,0.35481,-0.383
813,GPK,8787337216,12.512821,0.839,0.27399,0.274
814,CPS,228436288,N/A,2.73,N/A,N/A
815,INVH,21863479296,45.75641,1.004,0.047020003,-0.459
816,BFAM,8062200320,79.37142,1.488,0.08357,0.914
817,7508.T,69412454400,13.406537,0.558,0.17211,-0.205
818,VVI,664565312,32.708332,2.046,0.15073,1.978
819,SIRI,10280461312,8.090909,1.089,N/A,N/A
820,RBBN,499147232,N/A,1.089,-0.12475,N/A
821,TTWO,27400241152,N/A,0.859,-0.50901,N/A
822,3668.T,72141692928,449.6,0.388,0.00213,N/A
823,GIII,1387876736,7.7512565,2.189,0.12794,0.514
824,GBG.L,788055232,N/A,0.303,-0.073649995,N/A
825,VOYA,6920955904,9.274045,1.026,0.15583,0.39
826,IQV,43910598656,31.241245,1.498,0.22837,0.239
827,DDOG,36311269376,229.14893,1.105,0.0804,N/A
828,CCO,757867840,N/A,3.081,N/A,N/A
829,MRVI,2237342208,N/A,0.01,-0.19385,N/A
830,CACI,10484523008,25.24597,0.928,0.124560006,0.276
831,WMG,14475836416,26.875002,1.37,1.25054,0.137
832,NG.L,50593185792,18.827272,0.254,0.07458,-0.824
833,AAN,317716544,N/A,1.424,-0.062230002,N/A
834,BATRK,2562872832,N/A,0.941,-0.16225,N/A
835,JCI,45825761280,28.823528,1.3,0.1042,-0.052
836,TPE.DE,273180000,10.048,2.049,0.21521999,0.4
837,2120.T,18175223808,N/A,1.17,-0.014199999,N/A
838,GPS,9207895040,13.638888,2.374,0.27719,N/A
839,JST.DE,613135040,14.644129,1.404,0.11017,-0.308
840,ESP.L,588377408,10.833333,1.049,0.07322,0.025
841,2429.T,34371686400,6.868564,0.663,0.12677,-0.189
842,CVNA,15843979264,54.409637,3.441,N/A,N/A
843,DH,502457664,N/A,1.337,-0.49617,N/A
844,EXPD,17292412928,26.237686,0.958,0.28525,-0.046
845,CSGS,1351832064,20.639639,0.833,0.19694,0.067
846,NNN,8935059456,21.914415,1.077,0.09694,0.074
847,INN,685766848,Infinity,2.047,0.010089999,N/A
848,NMRK,3530704896,57.04,2.01,0.0424,1.229
849,PYCR,2539272448,N/A,0.434,-0.046040002,N/A
850,BGEO.L,1845224448,3.0815258,1.054,0.40313,0.076
851,TPK.L,1807961472,N/A,1.521,-0.00838,-0.922
852,HBI,2169896448,N/A,1.572,-0.60838,N/A
853,KLAC,95426961408,34.952736,1.276,0.87845004,0.245
854,6902.T,6031271788544,18.761486,0.8,0.06799,0.137
855,GCO,299607168,N/A,2.41,-0.01377,N/A
856,CLAR,153448800,N/A,0.831,-0.07163,N/A
857,NYMT,573367616,N/A,1.981,-0.10271,N/A
858,MER.L,352653408,9.378049,1.265,0.21062,0.641
859,PCOR,8019294720,N/A,0.73,-0.07642,N/A
860,HIBB,1045330496,10.801234,1.882,0.23582001,-0.026
861,EOAN.DE,35061534720,19.456522,0.615,0.11229999,0.523
862,7296.T,116735754240,8.46376,0.582,0.07658,0.591
863,3092.T,1396857896960,31.545889,0.822,0.56994,0.001
864,RVTY,14647502848,74.225,1.046,0.02507,0.58
865,XPP.L,309284320,N/A,1.475,-0.1009,-0.773
866,HLT,52967022592,45.44186,1.31,N/A,0.077
867,8987.T,162293710848,19.790491,0.768,N/A,-0.297
868,2784.T,452170678272,15.351183,-0.007,0.06242,0.176
869,BKE,2111174656,10.141464,1.075,0.45898998,-0.152
870,YOU.DE,507438144,N/A,1.811,-0.3202,N/A
871,DHC,777057280,N/A,2.208,-0.15131,N/A
872,6859.T,53177847808,10.59335,0.924,0.102019995,0.338
873,SFIX,418406240,N/A,1.921,-0.54077,N/A
874,AZPN,14251239424,N/A,0.754,-0.00075,0.682
875,SRT3.DE,15632861184,221.3158,0.929,0.03953,N/A
876,RHP,5959450624,18.08909,1.667,0.4081,0.429
877,SMHN.DE,986359744,32.25,2.032,0.14229,1.998
878,VRSK,38917357568,43.93087,0.863,2.42046,0.583
879,4544.T,149689761792,N/A,0.459,-0.0427,N/A
880,UAA,3165688320,N/A,1.655,-0.04364,N/A
881,IDXX,39534817280,47.747513,1.332,0.63246,-0.086
882,PSN.L,5054315008,19.7625,1.367,0.07581,0.006
883,CRTO,2444869120,25.389534,0.997,0.099530004,N/A
884,3231.T,703489441792,10.351846,0.698,0.09923001,0.011
885,CPRI,4305187840,N/A,1.966,-0.1703,N/A
886,9843.T,2487958372352,28.328575,0.723,N/A,0.057
887,BLD,10872803328,18.550179,1.777,0.26857,-0.077
888,CIO,232090704,N/A,1.94,-0.00836,N/A
889,DAVA,1751587840,31.926315,1.225,0.07231,N/A
890,RGP,320320320,15.435483,0.633,0.050479997,-0.109
891,FTNT,57444593664,44.437866,0.998,4.30883,0.485
892,FFIV,11652799488,21.52099,1.057,0.19534001,0.649
893,SPX.L,5493252608,28.692308,0.679,0.16874,0.101
894,STRA,2298310656,19.166325,0.566,0.07153,1.102
895,9470.T,41921880064,11.701626,0.395,0.082279995,N/A
896,COHU,1095572736,N/A,1.533,-0.030840002,N/A
897,WW,61887904,N/A,1.724,N/A,-0.554
898,PSTG,15087604736,107.88372,1.111,0.111899994,N/A
899,6762.T,3469294174208,20.450018,0.706,0.100030005,3.049
900,HEAR,280805664,N/A,2.067,-0.02702,N/A
901,TPH,3930754816,9.567199,1.59,0.14193,1.083
902,LTC,1591781504,16.561085,0.908,0.10391,2.003
903,PCTN.L,406196480,N/A,0.423,-0.0089300005,N/A
904,3765.T,171335172096,12.970552,0.223,0.12385,-0.208
905,8966.T,151636623360,18.388105,0.472,0.06846,N/A
906,FOXF,1531440896,37.489796,1.638,0.03435,-0.862
907,EVLV,587661504,N/A,1.245,-0.12833999,N/A
908,OSPN,564658112,34.67442,0.763,0.08943,N/A
909,OSUR,313932576,11.694444,0.048,0.06594,N/A
910,MCW,1927755648,28.52381,1.647,0.077800006,-0.135
911,FTK.DE,1320946176,11.7696085,1.035,0.16610001,2.056
912,PYPL,70898581504,16.832525,1.438,0.22034,0.174
913,PAR,1907081856,N/A,2.168,-0.15656,N/A
914,3104.T,47565844480,22.66465,0.657,0.059759997,0.898
915,9735.T,2281179971584,22.727272,0.314,0.085209996,-0.063
916,CWK,2840407552,154.87502,1.307,0.01263,1.948
917,JUST.L,1414709376,15.133332,1.509,0.08502,-0.361
918,EYE,761977984,N/A,1.412,-0.084300004,N/A
919,FDS,16315356160,32.321022,0.748,0.28812,0.182
920,VTY.L,4488144384,18.424656,2.143,0.07802,0.378
921,FRPH,542940160,71.325,0.47,0.01647,2.609
922,SYF,19038085120,6.7276535,1.612,0.20775,0.174
923,PFGC,11140644864,25.623655,1.446,0.110740006,0.116
924,AEWU.L,155890192,16.400002,N/A,N/A,N/A
925,PCH,3285148160,90.5,1.142,0.01699,-0.389
926,AGCO,6649882624,15.908928,1.251,0.096260004,N/A
927,RWT,974431936,40.944443,1.626,0.03071,45.372
928,AVTR,17539870720,49.615383,1.329,0.068959996,N/A
929,VIAV,1768646528,N/A,0.911,-0.0376,N/A
930,ZS,24056875008,N/A,0.823,-0.057729997,N/A
931,FOUR.L,1427767808,22.04348,0.977,0.92727995,0.104
932,MCG.L,413586912,N/A,1.597,-0.100710005,N/A
933,TLYS,137492656,N/A,1.616,-0.28173,N/A
934,OMCL,2046264192,N/A,0.832,-0.017549999,0.046
935,3292.T,282697760768,20.151005,0.411,0.05802,0.001
936,IHRT,223809376,N/A,1.705,N/A,N/A
937,SITE,6059777536,39.61652,1.533,0.10241,-0.03
938,LESL,536247680,145.00002,1.166,N/A,-0.159
939,SOHO.L,255752896,7.222222,N/A,N/A,N/A
940,CERT,1845396736,N/A,1.498,-0.07351,N/A
941,EQC,2181093888,23.581396,0.373,0.04245,0.667
942,HBAN,21292623872,13.83019,1.068,0.08875,-0.143
943,WAF.DE,2130000000,19.137466,1.565,0.05589,-0.601
944,9729.T,74509967360,12.286765,0.051,0.07611,0.408
945,DGE.L,54156292096,18.61832,0.359,0.35039002,-0.031
946,PRDO,1387678848,10.357842,1.035,0.16118999,-0.288
947,OSW,1609454208,29.557693,2.139,0.111,N/A
948,SBS.DE,486843776,33.65546,0.157,0.06479,2.325
949,BXMT,3163374336,N/A,1.528,-0.036059998,N/A
950,IRT,4570406400,N/A,1.159,-0.00253,-0.035
951,7239.T,66025283584,9.606307,0.506,0.07869,N/A
952,KD,5320073216,N/A,1.732,-0.1541,N/A
953,CUBE,11765665792,29.191011,0.838,0.14154,-0.047
954,VTSC.DE,2037579904,78.87097,0.563,0.00853,N/A
955,1911.T,1237518516224,10.916937,0.694,0.16274999,0.101
956,TMHC,6675657728,9.501484,1.962,0.13833,-0.123
957,SMAR,7281033216,N/A,0.746,-0.070089996,N/A
958,OPI,107530296,3.147059,1.117,0.01069,N/A
959,4745.T,21716520960,19.772615,0.399,0.15090999,N/A
960,LGEN.L,13208677376,4512.0,1.313,0.06513,-0.409
961,GLW,35058069504,80.333336,1.036,0.044260003,-0.636
962,PAYX,47565090816,28.312634,0.993,0.46348998,0.082
963,JSG.L,642476544,2214.2856,1.802,0.11115,0.435
964,XRX,1273159680,N/A,1.594,-0.0332,N/A
965,GFS,22297309184,27.678082,1.538,0.07461,-0.349
966,MTCH,9291957248,15.665217,1.486,N/A,0.017
967,GES,1055536640,7.3857675,1.964,0.35018003,N/A
968,NAPA,898487744,11.314815,0.22,0.057290003,-0.211
969,3116.T,335692922880,6.317099,0.422,0.13175,-0.272
970,HTWS.L,1160458624,N/A,0.503,N/A,N/A
971,6644.T,33214969856,14.005935,0.178,0.046550002,-0.552
972,IHG.L,12146553856,2592.5422,0.977,N/A,-0.202
973,7729.T,275354025984,14.320276,0.93,0.13063,0.092
974,OXM,1283583616,31.492308,1.522,0.06755,-0.335
975,7731.T,505204604928,15.504,0.424,0.04842,0.069
976,CARR,63851651072,18.81117,1.19,0.31099,10.087
977,6736.T,147552632832,N/A,1.348,-0.02711,N/A
978,MEGP.L,707359936,1341.4286,1.203,0.34004003,0.118
979,TTK.DE,628436800,121.25,1.107,0.00877,-0.839
980,AAPL,3358737825792,33.675304,1.24,1.60583,0.111
981,JHG,5738281472,12.339041,1.488,0.10406999,0.5
982,TTSH,264775680,49.416668,1.437,0.04502,-0.762
983,3269.T,473606488064,29.029425,0.129,0.06726,0.027
984,REGN,126193721344,30.284922,0.122,0.16551,0.46
985,SGE.L,9974544384,3845.3848,0.529,0.22306,0.556
986,UNIT,1267143808,N/A,1.297,N/A,-0.346
987,BIO,8989946880,N/A,0.947,-0.17413001,N/A
988,UPBD,1667336448,31.112244,2.013,0.08961,N/A
989,EVD.DE,8360841728,26.474163,1.251,0.34459,0.395
990,SCT.L,2943954176,2592.9824,0.708,0.50404,0.02
991,SNOW,36858593280,N/A,0.833,-0.21624,N/A
992,6425.T,105697615872,13.106515,1.355,0.02046,N/A
993,INTU,175740272640,59.94168,1.243,0.16597,-0.185
994,UNM,10098620416,7.982379,0.753,0.13366,0.035
995,PTON,1656243712,N/A,2.041,N/A,N/A
996,WTW,29894023168,28.331085,0.745,0.11383,0.548
997,DKS,16887436288,15.218635,1.661,0.40762,0.55
998,MRK.DE,73868779520,28.175785,0.71,0.09507,-0.136
999,3468.T,141873594368,17.109138,0.375,0.06118,0.043
1000,ROKU,9464107008,N/A,2.075,-0.20031,N/A
1001,9627.T,184516935680,16.969345,0.058,0.0836,-0.23
1002,4293.T,89815023616,24.757004,0.488,0.03809,N/A
1003,4665.T,185961725952,41.046974,0.198,0.02948,-0.094
1004,HLIT,1554128640,27.833334,0.87,0.15423,N/A
1005,ODP,941947008,25.044641,1.507,0.03797,N/A
1006,YUMC,13030164480,16.375002,0.331,0.13271,0.16
1007,ZI,3521299200,241.00002,1.056,0.00732,N/A
1008,FITB,28118063104,13.248406,1.239,0.12485,-0.012
1009,EFC,1137044352,10.8099165,1.983,0.08671,13.266
1010,6146.T,3754804379648,38.314045,0.841,0.2554,N/A
1011,LFUS,6170055680,32.11742,1.27,0.080699995,-0.348
1012,BWY.L,3628500480,1698.8889,1.456,0.06334,-0.623
1013,DXLG,152052592,10.44,1.306,0.1005,-0.778
1014,7955.T,26147196928,18.15223,0.468,0.02327,-0.454
1015,U,6814051840,N/A,2.252,-0.22486,N/A
1016,CTAS,81096876032,53.226192,1.312,0.38424,0.199
1017,UNH,548602609664,39.344368,0.595,0.15584,-0.22
1018,BLKB,4214254848,103.32911,1.02,0.061950002,9.504
1019,7600.T,19066177536,13.928434,0.541,0.05562,0.541
1020,LDOS,20673210368,48.106583,0.704,0.096260004,0.58
1021,MBG.DE,62307483648,4.75817,1.154,0.14422,-0.117
1022,DOCU,11472284672,11.872882,0.916,0.70342004,116.349
1023,SSE.L,21682704384,1279.1667,0.56,0.16466999,4.108
1024,6383.T,956759932928,19.011448,0.603,0.14553,0.803
1025,PLYM,1048476864,41.545456,1.4,0.05592,N/A
1026,EPRT,5681053184,27.606838,1.393,0.06408,-0.168
1027,6750.T,109636321280,13.140292,0.231,0.10386,-0.365
1028,COK.DE,950361344,23.807016,1.327,0.0579,0.613
1029,PINC,1973703680,18.942308,0.403,0.04968,2.169
1030,KVUE,44431945728,40.701756,N/A,0.10548,-0.87
1031,6588.T,177050845184,N/A,0.319,-0.018070001,93.718
1032,ICHR,916644992,N/A,1.906,-0.05726,N/A
1033,FORM,3194634240,26.805195,1.108,0.13623,24.0
1034,6976.T,398805925888,30.396563,0.724,0.041350003,5.37
1035,5332.T,816419110912,20.201637,0.932,0.08328,0.527
1036,7732.T,153287000064,36.629242,1.097,0.041020002,N/A
1037,TRTN.PRE,N/A,N/A,N/A,N/A,N/A
1038,4433.T,15326621696,55.526825,0.799,0.02664,N/A
1039,CME,78695596032,24.12141,0.561,0.11913,0.131
1040,EXTR,1775189888,N/A,1.766,-1.21047,N/A
1041,AOF.DE,1889668480,46.225685,1.308,0.84116995,0.358
1042,TGT,69373050880,15.556817,1.238,0.33968,0.428
1043,2767.T,121133514752,10.76026,0.665,0.30013,0.272
1044,ASHM.L,1163356288,1252.857,1.086,0.10888,-0.143
1045,8985.T,321808498688,20.768991,0.771,0.06763,0.462
1046,STJ.L,3860360704,N/A,1.23,-0.0055299997,0.014
1047,4452.T,3339175591936,47.392708,0.121,0.0692,1.283
1048,RLJ,1391627264,34.384617,1.698,0.027980002,-0.098
1049,LNT,15197625344,24.183674,0.57,0.094390005,-0.466
1050,2491.T,23458646016,10.78041,0.655,0.18120001,-0.076
1051,ATRI,809436224,64.50491,0.688,0.05234,-0.939
1052,P911.DE,60453961728,13.298598,N/A,0.22041,-0.099
1053,8804.T,490103373824,9.259407,0.576,0.105,2.306
1054,8802.T,2963097518080,17.123838,0.439,0.07281,0.374
1055,ARHS,1526655360,17.238094,2.518,0.29584,-0.449
1056,RDC.DE,2437703936,N/A,1.034,-0.01783,N/A
1057,HZO,676244480,14.225351,1.822,0.052410003,-0.308
1058,4751.T,522747510784,31.95183,0.441,0.09631,8.204
1059,MEDP,10521391104,31.896616,1.355,0.58855,0.425
1060,7751.T,4672134316032,16.33976,0.392,0.08488,0.418
1061,BKNG,127489605632,26.679459,1.4,N/A,0.272
1062,LSEG.L,54997458944,7518.116,0.408,0.033570003,-0.163
1063,AMN,1736686848,17.18045,0.128,0.12078,-0.729
1064,ROST,50299772928,24.320967,1.092,0.43236,0.205
1065,CAL,1325092352,8.008492,1.94,0.32624,-0.09
1066,6951.T,282954268672,11.848382,1.143,0.20626,1.259
1067,1973.T,394909712384,23.609373,0.155,0.11359999,7.34
1068,8439.T,851897483264,11.110757,1.039,0.087740004,0.263
1069,MANH,15622603776,77.768295,1.502,0.99579,N/A
1070,3492.T,68555997184,16.30891,0.611,0.05465,N/A
1071,5105.T,314402668544,3.6927865,0.529,0.20898001,0.039
1072,EQH,12780768256,15.924303,1.409,0.25877002,-0.403
1073,PCA.L,65284168,N/A,0.683,-0.08276,N/A
1074,EWCZ,418659008,26.846155,1.251,0.13826999,0.138
1075,9101.T,2165651800064,8.474577,1.225,0.09831,0.666
1076,HTZ,864349760,N/A,2.012,-0.32103002,N/A
1077,PAT.DE,733807936,N/A,1.062,-0.01482,N/A
1078,TFC,57047359488,N/A,1.04,-0.10037,-0.336
1079,OHI,10595123200,30.257574,0.987,0.087349996,0.792
1080,TROW,23047796736,12.22432,1.427,0.18722,0.024
1081,FSLR,21983172608,18.3521,1.44,0.18106002,1.044
1082,CCH.L,10440167424,1983.4482,0.936,0.20678,-0.006
1083,9364.T,351228035072,13.6853895,0.371,0.067,0.133
1084,7730.T,183540350976,26.85212,0.221,0.13683,0.152
1085,NEOG,3326253056,N/A,1.205,-0.003,N/A
1086,HNR1.DE,30595459072,15.092207,0.561,0.18445998,0.269
1087,4619.T,26006900736,6.588443,0.89,0.08550999,0.428
1088,DAY,8981661696,189.36667,1.29,0.01997,N/A
1089,6592.T,272806854656,12.594725,0.496,0.06821,-0.121
1090,SNDR,4764096000,40.58209,0.805,0.03959,-0.535
1091,MONY.L,1084477184,1441.4286,0.672,0.34730998,0.081
1092,MDB,21169520640,N/A,1.159,-0.19561,N/A
1093,MEG,933449408,N/A,1.884,-0.06449,N/A
1094,MERC,429310528,N/A,1.358,-0.3234,N/A
1095,SHYF,414242880,N/A,1.65,-0.00942,-0.538
1096,WG.L,842170368,N/A,1.355,-0.33469,N/A
1097,CHEF,1577527680,38.456314,2.323,0.09217,0.484
1098,HCSG,771257472,24.44186,0.523,0.06937,N/A
1099,2874.T,58344562688,17.951042,0.142,0.03712,-0.036
1100,WU,4100637184,7.402439,0.884,1.09004,-0.127
1101,APLE,3387254016,16.172413,1.13,0.06376,0.071
1102,9068.T,97803493376,9.816938,0.585,0.081499994,0.14
1103,MSGS,4840719360,82.4898,0.685,N/A,N/A
1104,DBI,347396640,20.033333,2.015,0.04652,-0.941
1105,CON.DE,11756352512,14.371637,1.513,0.06002,0.462
1106,IHR.L,372516832,817.27277,N/A,N/A,N/A
1107,ROK,29416318976,29.460226,1.363,0.25676,-0.414
1108,GNTX,6867373056,16.572222,0.919,0.18099001,-0.203
1109,WDAY,67182800896,43.710342,1.349,0.21080999,0.661
1110,CCS,2986976000,9.512974,1.855,0.13761,0.631
1111,INFA,7488626688,44.142857,1.062,0.074250005,N/A
1112,9831.T,311269523456,13.37092,0.316,0.03872,-0.079
1113,COHR,10853640192,N/A,1.65,-0.020920001,N/A
1114,9401.T,644083613696,15.200641,0.556,0.04448,0.51
1115,CATO,92968712,N/A,1.155,-0.08762,-0.903
1116,9719.T,906966859776,22.282776,0.534,0.14142999,0.024
1117,3148.T,202043916288,14.59126,0.286,0.11102,-0.079
1118,RH,4453777920,61.284264,2.413,0.29864,N/A
1119,8079.T,76908838912,22.556576,0.173,0.06716,0.358
1120,7915.T,95526404096,156.25,0.812,0.0055299997,0.988
1121,LSCC,5853932544,31.242647,1.381,0.29824,-0.556
1122,4980.T,337781260288,13.772037,0.853,0.30312002,0.845
1123,CHRW,11853793280,36.356117,0.825,0.22913,0.296
1124,3289.T,719897100288,11.402886,0.516,0.08335,-0.256
1125,IVR,476383168,N/A,1.843,-0.03218,N/A
1126,RMV.L,5224686592,2649.6,1.045,2.84968,0.025
1127,BBW,430719136,8.81356,1.532,0.42880002,0.123
1128,GXI.DE,3637062144,31.432838,0.94,0.07883,-0.104
1129,EMG.L,2422833152,1050.0,0.711,0.20476,1.029
1130,ONTF,242531120,N/A,0.487,-0.22292,N/A
1131,ZD,2124735872,27.610466,1.239,0.042859998,1.164
1132,CRWD,60443168768,357.36234,1.1,0.07334,5.333
1133,SLAB,3407791616,N/A,1.191,-0.16848,N/A
1134,6914.T,59903590400,11.695988,0.865,0.11382,0.528
1135,NRUC,N/A,N/A,N/A,N/A,N/A
1136,SYAB.DE,2430711808,27.650002,0.887,0.03809,-0.154
1137,3050.T,195170795520,9.078455,0.058,0.08744001,0.027
1138,GTN,496126784,66.71429,1.486,0.02253,N/A
1139,CLI.L,355284544,N/A,1.015,-0.21591,N/A
1140,SAIA,10894371840,28.910627,1.737,0.19610001,0.12
1141,KN,1477620096,N/A,1.425,-0.22167,N/A
1142,6814.T,52311879680,8.2032995,0.356,0.10972,0.121
1143,7241.T,60389683200,4.7054725,0.764,0.10439,-0.229
1144,NDX1.DE,3326851328,N/A,1.796,-0.01684,N/A
1145,LINC,368571072,46.84,1.42,0.04986,N/A
1146,DAKT,553716480,56.52381,1.153,0.04563,N/A
1147,CHCT,446390048,N/A,0.676,0.00259,N/A
1148,PRI,8633792512,20.434748,1.089,0.21419,-0.992
1149,CHKP,20940148736,26.05663,0.621,0.29549998,0.024
1150,HFFG,170845856,40.5,1.478,0.01509,N/A
1151,ALIT,4058225664,N/A,1.071,-0.07019,N/A
1152,NETW.L,2121406592,4424.4443,0.882,0.10616,-0.299
1153,TEAM,42303954944,N/A,0.737,-0.35617,N/A
1154,DGII,990493440,59.130436,1.071,0.031070001,0.444
1155,EVTC,2057558144,30.628572,1.154,0.13288,0.14
1156,HHFA.DE,1275720960,49.88235,1.029,0.05612,1.714
1157,AFL,61266841600,11.51579,0.949,0.23538,0.144
1158,SBGI,870009728,N/A,1.527,-0.74454004,N/A
1159,PECO,5116357632,76.67347,0.329,0.025309999,0.013
1160,PUM.DE,5875145216,22.626436,1.078,0.123050004,-0.243
1161,8129.T,305112252416,16.694147,-0.107,0.08523,0.205
1162,NCNO,3454088448,N/A,0.586,-0.0276,N/A
1163,SBH,1199896576,8.532846,1.531,0.27772,-0.217
1164,NWG.L,27794190336,710.21277,1.281,0.12283,0.311
1165,NEXN.L,380377184,N/A,1.508,-0.00364,N/A
1166,EVT.DE,1059103616,N/A,1.047,-0.15618,N/A
1167,FI,99278020608,29.989565,0.933,0.11798,0.391
1168,JILL,384652192,9.042553,0.61,0.75394994,-0.491
1169,9404.T,587785633792,15.974398,0.22,0.041840002,0.301
1170,UNFI,864100544,N/A,0.62,-0.07948,N/A
1171,CBL,801459392,27.684782,1.504,0.09348,N/A
1172,AHH,1055645952,N/A,1.068,0.01001,-0.967
1173,SFM,10023012352,31.477985,0.554,0.27704,0.446
1174,HR,6596717056,N/A,0.76,-0.08619001,N/A
1175,KMI,46875000832,19.376146,0.921,0.08012,-0.009
1176,KWS.L,1952740864,11552.381,1.11,0.03452,-0.709
1177,8766.T,10282973790208,13.531903,0.283,0.16084999,0.562
1178,7740.T,183009247232,13.659437,0.854,0.18799,0.597
1179,2168.T,86481076224,0.9020129,1.485,0.87888,44.095
1180,6723.T,3863130144768,13.440756,1.115,0.12882,-0.345
1181,TWO,1423779968,23.689655,1.875,0.06026,-0.763
1182,3191.T,131583057920,14.595188,-0.219,0.01203,N/A
1183,9076.T,408951521280,33.303658,0.538,0.029979998,-0.227
1184,MPW,2994997760,N/A,1.317,-0.24011,N/A
1185,AEIS,3497891584,37.7439,1.492,0.081149995,-0.453
1186,AMKR,7066436608,18.868422,1.853,0.09674,0.038
1187,ZIG.L,869337344,722.22217,1.651,0.12269,-0.121
1188,6923.T,448008355840,15.151351,0.85,0.0626,1.546
1189,KREF,836851712,57.476192,1.023,0.02471,N/A
1190,AER,17808259072,6.011199,1.833,0.19565001,0.075
1191,PFE,166657638400,N/A,0.617,-0.02737,-0.982
1192,4301.T,23491829760,59.78031,0.487,0.041389998,N/A
1193,NVMI,5693365248,40.835415,1.457,0.20434,0.5
1194,LADR,1522884096,15.075949,1.99,0.064559996,0.139
1195,3046.T,122068721664,45.660904,0.299,0.12117,0.173
1196,9024.T,1015525998592,30.395601,0.58,0.08194,0.705
1197,2170.T,61331902464,19.380888,1.204,0.26531,0.433
1198,3612.T,64865374208,9.499601,0.526,N/A,N/A
1199,YOU.L,553466112,2370.0,1.059,0.14241,-0.743
1200,KTN.DE,N/A,N/A,N/A,N/A,N/A
1201,LIO.L,370663520,N/A,1.329,-0.0178,-0.78
1202,ICFI,3034882560,31.055662,0.612,0.108830005,0.271
1203,INFN,1479969920,N/A,1.715,-0.71107,N/A
1204,7294.T,26006077440,N/A,0.468,-0.121700004,N/A
1205,HURN,1878206464,25.135715,0.613,0.15175,0.598
1206,SLP,676060224,70.395836,0.696,0.05508,-0.25
1207,4716.T,1698296889344,30.580935,0.255,0.31988,0.001
1208,7599.T,106531823616,8.539923,0.402,0.18642999,0.553
1209,UCTT,1472500608,N/A,2.082,-0.00022,N/A
1210,CHPT,551680000,N/A,1.7,-1.55555,N/A
1211,CFLT,6438324224,N/A,0.882,-0.45208,N/A
1212,ONEW,352446784,N/A,2.574,-0.23132999,-0.492
1213,VMUK.L,2810746880,942.6087,1.889,0.0535,0.459
1214,7735.T,941989560320,11.890649,1.457,0.23287001,0.932
1215,VYX,1796797824,N/A,1.714,-0.57185,N/A
1216,B4B.DE,1672095360,N/A,0.702,-0.099709995,-0.917
1217,XYL,31408492544,39.910492,1.037,0.07553,0.787
1218,RBLX,28229902336,N/A,1.602,-7.8639503,N/A
1219,AYI,7645509632,20.18765,1.405,0.18303,0.104
1220,ENT.L,4303774208,N/A,1.189,-0.14588,N/A
1221,4689.T,2978897199104,23.469267,0.736,0.04677,0.381
1222,8050.T,158810800128,14.328337,0.521,N/A,0.466
1223,SY1.DE,16877468672,42.97153,0.487,0.107329994,0.276
1224,WST,21909739520,42.90199,1.01,0.1972,-0.267
1225,RARE,5142818304,N/A,0.567,-2.08433,N/A
1226,RENT,38185360,N/A,1.087,N/A,N/A
1227,UE,2674868736,8.340081,1.566,0.26989,1.96
1228,BFH,2678097920,5.51227,1.975,0.16492,1.784
1229,2331.T,510265589760,19.728601,0.212,0.07798,-0.162
1230,KAR,1771575808,203.875,1.451,0.02855,N/A
1231,8282.T,265446555648,35.63467,N/A,0.02859,0.166
1232,5110.T,393621405696,5.82409,0.405,0.109110005,2.314
1233,6268.T,282172391424,29.761599,0.738,0.03946,-0.432
1234,ETN,115202179072,31.834984,1.007,0.19622,0.333
1235,AMC,1810388736,N/A,1.98,N/A,N/A
1236,BT.A.L,N/A,N/A,N/A,N/A,N/A
1237,FWRD,889166720,N/A,1.02,-2.04946,N/A
1238,2395.T,47377100800,11.066809,-0.032,0.14147,-0.911
1239,WBD,17898942464,N/A,1.485,-0.28667,N/A
1240,SHL.DE,56040353792,30.180723,0.703,0.10568,0.05
1241,CRL,9714832384,22.50718,1.365,0.12603,-0.079
1242,AUTO.L,7691057152,3070.714,0.783,0.47592,0.22
1243,ADI,108513509376,66.03021,1.073,0.04658,-0.546
1244,NSA,6007127552,26.44633,0.998,0.13257,-0.423
1245,8114.T,327823622144,28.37714,0.341,0.106309995,-0.142
1246,ES,24323620864,N/A,0.618,-0.00548,22.736
1247,LGF.A,N/A,N/A,N/A,N/A,N/A
1248,EEX,1321447040,N/A,1.371,0.0023999999,N/A
1249,WTB.L,5445408768,1906.25,1.111,0.08180001,-0.555
1250,KSS,2210299136,7.792157,1.957,0.07508,0.135
1251,4812.T,372878016512,25.771341,0.38,0.17479,-0.133
1252,KNX,8310097920,125.21951,0.929,0.0093,-0.678
1253,TRTX,706505728,N/A,2.235,-0.011410001,N/A
1254,EVOK.L,283184672,N/A,0.87,-3.79342,N/A
1255,LAMR,12556547072,24.896553,1.539,0.42707002,0.047
1256,4816.T,629789163520,29.987343,0.289,0.17027001,0.7
1257,CPRX,2332219136,35.089283,0.76,0.13852,N/A
1258,4151.T,1714342723584,17.953241,0.236,0.11743,1.635
1259,ONT.L,1355978240,N/A,0.789,-0.2608,N/A
1260,BELFB,850033408,12.949393,1.27,0.20021999,-0.314
1261,7354.T,11680049152,N/A,0.774,-0.024,-0.146
1262,TWKS,1419133312,N/A,1.142,-0.15187,N/A
1263,9434.T,9458718605312,19.267683,0.155,0.16289,0.101
1264,MOD,5158022656,32.160133,2.223,0.23029,0.035
1265,BEZ.L,4858411008,523.1292,0.684,0.35988,1.014
1266,WHR,5330795008,10.032024,1.418,0.19740999,1.562
1267,DRVN,2293866240,N/A,1.134,-0.57837003,-0.168
1268,8591.T,3922344280064,10.729614,0.904,0.091230005,0.399
1269,PRSR.L,519591456,946.0,N/A,N/A,N/A
1270,7844.T,36041052160,N/A,0.493,-0.03435,-0.675
1271,DDS,5601296896,8.542068,0.87,0.36101002,-0.425
1272,RMR,411764576,16.197369,1.309,0.13623999,-0.804
1273,4549.T,80370925568,36.054634,N/A,0.049489997,-0.324
1274,7575.T,82318327808,11.688183,0.133,0.14034,0.064
1275,MNDY,12188981248,298.13416,1.309,0.05053,N/A
1276,KCO.DE,485283712,N/A,1.892,-0.03582,N/A
1277,EVRI,1111339904,27.135416,2.152,0.17329,-0.626
1278,3635.T,503287873536,14.624633,0.306,0.22905001,0.296
1279,HSTM,858420672,47.847458,0.361,0.05175,0.055
1280,DNB,5182149632,N/A,1.167,-0.00875,N/A
1281,AXP,178382045184,18.725374,1.212,0.34977,0.436
1282,ORC,583549760,N/A,1.85,-0.07305,N/A
1283,ARRY,913075264,60.100002,1.623,0.11808,-0.768
1284,GTY.DE,141940640,N/A,0.337,0.0025600002,N/A
1285,4503.T,3248595927040,151.5025,0.294,0.01322,0.137
1286,FOR,1520621056,7.8177085,1.761,0.13825,-0.183
1287,GEF,2892853760,12.897827,0.928,0.13734001,-0.037
1288,EHTH,112034576,N/A,0.517,-0.0341,N/A
1289,7747.T,751317483520,47.61577,0.621,0.111049995,0.577
1290,TPIC,165724992,N/A,1.903,N/A,N/A
1291,NTST,1312734080,210.87502,0.945,0.00392,N/A
1292,3086.T,378012991488,11.111111,0.352,0.09109,0.768
1293,PKG,18369208320,25.662485,0.786,0.18013,-0.013
1294,OC,13611771904,13.233306,1.403,0.19860001,-0.143
1295,9987.T,407068606464,13.71759,N/A,0.07334,0.582
1296,ARR,999207104,N/A,1.502,-0.09276,N/A
1297,IMAX,1111476224,54.102566,1.252,0.0847,-0.546
1298,3659.T,2263741104128,33.00472,0.228,0.06879,0.66
1299,8601.T,1444274634752,12.180407,0.586,N/A,0.033
1300,DTE.DE,130589196288,26.23,0.621,0.10299,0.364
1301,IHS,1005883456,N/A,1.129,-10.4403105,N/A
1302,8963.T,390079250432,16.30288,0.774,0.08754,0.31
1303,5938.T,494552514560,N/A,0.825,-0.023459999,N/A
1304,NBPE.L,744852288,3559.0908,N/A,N/A,N/A
1305,TAL,4628807680,95.75,0.013,0.01438,N/A
1306,7803.T,23985176576,31.433823,0.403,0.03906,0.009
1307,PAGS,2925862656,8.817308,1.948,0.14044,0.321
1308,BIRD,82732424,N/A,1.804,-0.66116995,N/A
1309,FLGT,641987072,N/A,1.504,-0.14275,N/A
1310,WRBY,1666932608,N/A,1.813,-0.14538,N/A
1311,PGNY,2125101824,37.36508,1.443,0.13558,0.133
1312,PFC.L,79877784,N/A,0.97,N/A,N/A
1313,SRP.L,1800520448,1326.9231,0.385,0.14084,-0.407
1314,UTI,891123392,33.795918,1.357,0.12998,N/A
1315,BEPC,4921612288,6.6053267,0.972,0.06511,N/A
1316,3481.T,187799912448,26.003723,0.241,N/A,N/A
1317,ATG.L,462912192,4750.0,1.29,0.02138,-0.535
1318,DV,3058992128,52.941177,0.926,0.059899997,-0.429
1319,WINA,1217294976,31.578997,0.774,N/A,N/A
1320,7451.T,220661989376,9.833146,0.065,0.11452,-0.032
1321,GTY,1715509760,26.605042,0.943,0.072859995,0.143
1322,HEN3.DE,32033882112,19.084906,0.581,0.09002,0.828
1323,TYL,25133793280,122.19709,0.778,0.07044,0.365
1324,PRG,1938770816,18.69796,2.09,0.18601,-0.025
1325,ADV,1086623744,N/A,1.556,-0.16049999,N/A
1326,BLK,130047500288,21.779707,1.317,0.15204,0.103
1327,NTCT,1389270656,N/A,0.576,-0.33894002,N/A
1328,7459.T,553694920704,14.2450905,0.114,0.06865,-0.179
1329,FAN.L,1050578112,2528.5715,1.359,0.18872999,0.294
1330,PDCO,1805197312,11.314918,1.008,0.16284001,-0.531
1331,9613.T,3266706407424,25.57629,0.737,0.0497,-0.232
1332,TYMN.L,775928768,1990.0,1.384,0.07159,0.078
1333,PAYC,9408576512,19.76116,1.176,0.33328,0.081
1334,GDDY,21550540800,12.717969,1.125,N/A,0.87
1335,RMBS,4173676544,18.545454,1.189,0.23368,-0.781
1336,PACB,452398112,N/A,2.034,-0.70571,N/A
1337,CRDA.L,5546302464,3424.138,0.744,0.070250005,-0.092
1338,MGRC,2523995648,21.78178,0.749,0.12628001,-0.327
1339,DNOW,1262734208,5.757282,1.438,0.23076999,-0.318
1340,MSA,6719524864,24.746376,0.989,0.29177,0.076
1341,RC,1335187200,N/A,1.476,-0.01518,N/A
1342,TTG.L,260610416,N/A,0.948,-0.04585,-0.507
1343,MNG.L,4960753664,2977.1428,1.468,0.045760002,N/A
1344,3402.T,1230474838016,35.20997,0.744,0.02394,0.926
1345,ELAN,7306123264,N/A,1.405,-0.18785,N/A
1346,N91.L,1424044416,890.55554,0.657,0.45686,0.08
1347,WTRG,10662338560,19.09804,0.839,0.09453,-0.19
1348,UPWK,1239545728,17.38889,1.537,0.22267,N/A
1349,5101.T,503773855744,5.847986,0.542,0.106920004,0.49
1350,CPG.L,42206732288,3313.3333,0.81,0.26608,0.162
1351,KBR,8183905280,42.130135,0.907,0.13420999,N/A
1352,ADUS,2296023040,30.202381,1.04,0.08677,0.209
1353,PRPL,108785080,N/A,2.079,-0.85856,N/A
1354,PWSC,3788409088,N/A,1.052,-0.03932,N/A
1355,8308.T,2448335044608,13.811759,0.506,0.06691,0.588
1356,RSG,64478162944,34.44631,0.707,0.17778999,0.201
1357,PTC,20158652416,68.4898,1.177,0.10524999,0.118
1358,ALGN,16536444928,37.64966,1.643,0.12088,-0.123
1359,CRH,57426845696,17.5625,1.384,0.15487,0.16
1360,RAT.L,1926054016,2914.7542,0.655,0.06376,0.305
1361,PRU,41037148160,14.680715,1.286,0.09594,1.377
1362,8958.T,102896697344,15.313935,0.543,0.06469,N/A
1363,2972.T,37087662080,17.103996,0.355,0.041079998,N/A
1364,CNK,3500182528,27.76699,2.379,0.46205002,-0.596
1365,2979.T,81698250752,22.737764,0.256,0.045149997,N/A
1366,LNC,4959540224,3.060924,1.8,0.25189,0.736
1367,6965.T,528709779456,17.007145,N/A,0.09636,-0.583
1368,NXT.L,12043779072,1534.2988,1.369,0.57098997,0.268
1369,PHNX.L,5703998464,N/A,0.732,-0.02263,N/A
1370,OUT,2644093184,12.160306,1.95,0.29656,N/A
1371,LBRDK,8519058944,10.772973,1.025,0.088240005,-0.205
1372,LABS.L,115150008,N/A,N/A,N/A,N/A
1373,CTO,451306304,39.836735,0.602,0.03452,N/A
1374,ICE,92838764544,40.124065,1.091,0.09365,-0.225
1375,MU,95659614208,N/A,1.176,-0.03434,N/A
1376,ROL,24051032064,52.273685,0.697,0.35711,0.215
1377,OTIS,36722884608,25.60894,0.93,N/A,0.133
1378,IIPR,3476028672,21.524563,1.37,0.08443,0.002
1379,7936.T,1923228106752,36.63039,1.459,0.22833,0.846
1380,FINV,1364186240,4.6460176,0.439,0.15909,0.051
1381,PRGS,2404894976,34.4908,0.909,0.17858,0.37
1382,CVS,71038132224,10.048043,0.528,0.097279996,-0.048
1383,EVK.DE,9187189760,N/A,1.027,-0.00777,N/A
1384,8219.T,67216400384,6.9559836,N/A,0.056020003,-0.35
1385,JKHY,12532936704,32.931034,0.638,0.22128999,0.031
1386,AMP,42844643328,14.938378,1.346,0.67629,-0.023
1387,PTVE,1970012544,27.474998,1.299,0.06105,N/A
1388,ICUI,4043119872,N/A,0.653,-0.034089997,N/A
1389,ENTG,15852690432,86.776855,1.238,0.05373,-0.657
1390,6718.T,46862819328,10.101046,0.261,0.070089996,-0.13
1391,9107.T,1355196792832,10.020118,1.794,0.08619001,1.013
1392,AWK,28451946496,29.858896,0.691,0.09631,-0.011
1393,BOWL,1621971968,N/A,N/A,-0.66946,N/A
1394,NKE,119184121856,21.310991,1.014,0.40093,0.505
1395,6955.T,21289955328,87.76671,1.77,0.01611,N/A
1396,DTG.DE,24730103808,6.8344364,1.178,0.17694001,-0.17
1397,QSI,135228704,N/A,2.907,-0.32576,N/A
1398,JMAT.L,2813676544,2732.7588,0.95,0.043909997,-0.624
1399,MITK,383029504,N/A,1.079,-0.0323,N/A
1400,2685.T,158626299904,11.795235,0.408,0.19347,-0.012
1401,NHI,3587652864,28.08163,1.063,0.09897,-0.141
1402,DLTR,14494759936,N/A,0.872,-0.12983,-0.323
1403,3476.T,82878267392,18.053617,0.483,0.05233,N/A
1404,PRO,821861696,N/A,1.206,N/A,N/A
1405,UPS,110395777024,21.02447,0.977,0.28331,-0.32
1406,DWS.DE,6888225792,11.882353,1.401,0.07942,0.125
1407,BIJ.DE,258291712,10.718849,0.846,0.09761,-0.326
1408,EXC,38749364224,16.004131,0.601,0.09455,0.316
1409,3290.T,65237725184,17.985985,0.576,0.05933,-0.022
1410,FCN,7823448576,23.660152,0.095,0.16674,0.337
1411,JAMF,2236270336,N/A,0.42,-0.12776,N/A
1412,VZ,179872792576,16.06391,0.407,0.120950006,-0.009
1413,GILT,251159904,12.585715,0.565,0.07388,-0.714
1414,GLE.L,332777376,1965.5173,1.141,0.06003,-0.563
1415,7988.T,348938403840,20.450216,0.961,0.075890005,-0.088
1416,3287.T,140893077504,27.136047,0.624,0.037019998,N/A
1417,TOST,13274440704,N/A,1.751,-0.115159996,N/A
1418,ARES,43844059136,72.206184,1.235,0.20433001,-0.423
1419,WM,83658129408,33.141495,0.753,0.35022998,0.119
1420,LXS.DE,2106849792,N/A,1.621,-0.16136,N/A
1421,CMI,40677216256,21.261461,0.975,0.1894,0.042
1422,HCKT,700308608,20.42742,0.915,0.39687002,-0.031
1423,NESF.L,471902976,8040.0005,N/A,N/A,N/A
1424,PKST,494345760,N/A,N/A,-0.124230005,N/A
1425,PLUS.L,1938640896,1002.33466,0.198,0.39308,0.165
1426,2389.T,16691664896,7.973311,0.929,0.0686,N/A
1427,DBX,7330821632,13.453487,0.608,N/A,1.687
1428,WWW,1128149504,N/A,1.772,-0.25011998,-0.425
1429,VSAT,2040630656,N/A,1.356,-0.17938,N/A
1430,TILE,1027318272,15.592921,1.978,0.15829,0.414
1431,BDC,4058514944,21.116772,1.065,0.16549999,-0.256
1432,HUBB,20297822208,27.926144,0.898,0.25931,0.031
1433,ADTN,398536992,N/A,1.191,-0.58409,N/A
1434,RGA,14014497792,16.547434,0.912,0.097629994,-0.007
1435,AVGO,655500181504,114.48781,1.183,0.12509,1.881
1436,RM,316651616,12.275591,1.517,0.07472,0.365
1437,URBN,3271550208,10.844036,1.493,0.14732,0.127
1438,HFG.DE,1167009280,N/A,0.028,-0.09821,-0.87
1439,6651.T,118153199616,10.706675,0.238,0.10408,1.678
1440,9684.T,664141692928,34.482975,0.426,0.06063,0.685
1441,ULTP.L,119454936,992.8571,1.387,0.26669002,-0.024
1442,AVNS,1098640640,159.4,0.908,0.0057,N/A
1443,LAUR,2228697088,11.4140625,0.869,0.21229,1.349
1444,ENR,2099317888,208.85715,1.034,0.07027,N/A
1445,SCVL,1103252224,14.397163,1.525,0.13158,0.155
1446,IRWD,792305472,62.0,0.489,N/A,N/A
1447,EVC,174574992,N/A,1.003,-0.022160001,N/A
1448,ADPT,628230784,N/A,1.433,-0.67014,N/A
1449,SAH,1957134720,10.602589,1.618,0.20896,0.815
1450,ONL,218196432,N/A,0.989,-0.10568,N/A
1451,DBRG,2081224192,4.2671757,1.977,0.18673,N/A
1452,9697.T,1356347998208,38.611378,0.256,N/A,-0.451
1453,GPRO,192439792,N/A,1.55,-1.05061,N/A
1454,VRNT,1600361984,39.10606,1.205,0.049569998,N/A
1455,HUM,41389391872,24.191416,0.509,0.10155,-0.265
1456,CARG,2811636992,N/A,1.565,-0.08632,N/A
1457,NEM.DE,10129349632,57.32026,0.852,0.23604,0.286
1458,ZIM,1962989952,N/A,1.736,-0.50401,N/A
1459,SBLK,2339876096,7.5888886,0.979,0.11873999,1.163
1460,7860.T,64937766912,588.11475,N/A,0.0057800002,-0.323
1461,NXU.DE,861842880,33.716217,0.854,0.10028,0.126
1462,TROX,1918727936,N/A,1.624,0.0239,N/A
1463,BK,49974517760,16.12381,1.067,0.08343001,0.16
1464,MPWR,40757161984,99.64362,1.12,0.20371,0.005
1465,VOXX,130821960,N/A,1.248,-0.16359,N/A
1466,ILMN,19520622592,N/A,1.148,-0.76185995,N/A
1467,PD,1653642368,N/A,1.063,-0.313,N/A
1468,APH,73136537600,36.14881,1.246,0.25456,0.108
1469,FSJ.L,176349248,N/A,0.64,-0.27746,N/A
1470,MSM,4417441280,15.31323,0.815,0.19847,-0.249
1471,4369.T,104314724352,34.243652,1.119,0.110360004,1.644
1472,FDX,69398020096,16.461359,1.185,0.16139,-0.133
1473,6941.T,50068746240,24.450195,0.616,0.12503,8.288
1474,SPWH,92728584,N/A,0.656,-0.13201,N/A
1475,9766.T,1828677484544,27.396982,0.794,0.15669,0.433
1476,7606.T,61208150016,12.618046,0.481,0.14052,0.007
1477,VECO,1804053120,20.764706,1.164,0.12505001,N/A
1478,MRC,1005790656,12.553192,1.976,0.1259,0.333
1479,MRTN,1385683328,32.11321,0.783,0.057779998,-0.64
1480,6504.T,1096505819136,14.42991,0.838,0.12946999,-0.067
1481,8012.T,346113867776,13.956094,0.405,0.064770006,0.747
1482,CRAI,1084753664,27.92321,1.14,0.20421,-0.299
1483,GKOS,7110594560,N/A,1.033,-0.27489,N/A
1484,KMT,1899221376,17.79562,1.643,0.08732,0.046
1485,9757.T,106214211584,18.72165,0.512,0.22412,0.423
1486,NTNX,14835456000,N/A,1.187,N/A,N/A
1487,9413.T,104440676352,15.619968,0.09,0.06042,-0.521
1488,CMBM,47396496,N/A,0.932,-1.1184,N/A
1489,BOOT.L,293977184,1157.8948,0.798,0.07097,5.133
1490,IT,37977235456,46.936188,1.323,1.34407,0.181
1491,BGFV,44055268,N/A,2.31,-0.1046,N/A
1492,SFOR.L,293770624,N/A,1.056,-0.00699,N/A
1493,8697.T,1742544568320,29.585693,0.411,0.18765,-0.111
1494,6971.T,2437663162368,24.15486,0.185,0.032449998,-0.008
1495,NXPI,58741428224,21.611998,1.497,0.31456,-0.049
1496,RS,14984571904,13.889341,0.849,0.14962,-0.28
1497,ITRN,533745280,10.480469,1.153,0.30556,0.084
1498,9869.T,130073378816,10.316539,0.041,0.09126,0.027
1499,8977.T,85857198080,20.40378,0.485,0.048130002,N/A
1500,APP,28849029120,36.884617,1.878,0.70921,3.076
1501,AVNW,311493792,22.13393,1.807,0.05762,-0.341
1502,APLD,1035942016,N/A,4.376,-1.53896,N/A
1503,DOLE,1488847360,7.959391,0.858,0.14338,0.901
1504,SBRY.L,6985309184,4996.6665,0.673,0.0194,N/A
1505,HLX,1461229184,N/A,2.421,-0.00447,3.427
1506,9069.T,180792918016,12.371979,0.268,0.09196,0.13
1507,2433.T,446584422400,17.153131,1.009,0.06871,N/A
1508,WEIR.L,5090991616,2307.0588,1.407,0.13003999,-0.068
1509,3151.T,60850683904,10.414021,0.083,0.05809,0.174
1510,HOV,1157085952,5.8976603,2.603,0.41306,0.32
1511,MHO,4265001984,8.479019,2.231,0.20998,0.243
1512,LSTR,6523278336,30.114565,0.804,0.21997999,-0.203
1513,8923.T,109619011584,8.872676,0.536,0.14682001,-0.051
1514,3593.T,93428785152,35.924423,0.36,0.03381,0.135
1515,6326.T,2435146055680,9.357081,0.782,0.11046,0.314
1516,VRTX,121594429440,N/A,0.406,-0.0324,N/A
1517,NVT,10310317056,18.137426,1.259,0.18707001,-0.015
1518,TTC,8480103424,21.690289,0.691,0.2565,N/A
1519,CCRN,465544448,55.08,0.637,0.01868,N/A
1520,2327.T,655915155456,25.641943,0.327,0.1141,0.338
1521,GFT.DE,558109120,11.459459,1.667,0.21133,0.025
1522,CRSR,632166208,N/A,1.576,-0.04427,N/A
1523,3636.T,64221646848,12.392177,0.493,0.078439996,N/A
1524,8252.T,471055171584,17.730772,0.413,0.10781,0.443
1525,8086.T,217896255488,25.51079,0.036,0.04032,-0.359
1526,ROP,59322855424,41.390427,1.022,0.082679994,-0.081
1527,3994.T,300543410176,N/A,1.243,-0.16740999,N/A
1528,3697.T,208193323008,37.423252,1.209,0.1863,-0.822
1529,BKR,33704146944,17.101522,1.366,0.13033,0.45
1530,RCL,41254129664,17.476553,2.621,0.5165,0.825
1531,SLB,57375735808,13.205883,1.528,0.21972999,0.069
1532,EH,741695040,N/A,1.02,-0.71022004,N/A
1533,2502.T,2829791002624,16.207666,0.696,0.06802,0.146
1534,9790.T,53176614912,13.9275465,0.575,0.16775998,N/A
1535,TRU,18751893504,N/A,1.619,-0.03329,0.569
1536,KETL.L,191243504,1188.5714,0.59,0.40258,0.332
1537,PETQ,916896384,82.91892,1.737,0.05524,0.522
1538,2790.T,68199489536,28.439035,0.48,0.01521,-0.366
1539,FIE.DE,3792311296,26.25,0.575,0.15131,0.368
1540,4839.T,30016385024,27.44138,0.258,0.025969999,1.448
1541,NVRI,785094656,N/A,2.2,-0.08843,N/A
1542,GME,10335785984,303.125,-0.146,0.01931,N/A
1543,9605.T,274568626176,19.88076,N/A,N/A,-0.038
1544,AIN,2661889536,24.34,1.264,0.11623,-0.073
1545,PMTS,295243552,17.552631,1.152,N/A,-0.073
1546,4676.T,369306566656,9.690138,0.464,0.04617,0.456
1547,FUBO,546699392,N/A,1.8,-0.71555,N/A
1548,CLFD,535914560,N/A,1.345,-0.030450001,N/A
1549,MVIS,210283088,N/A,3.015,-0.97743,N/A
1550,SEAT,986313408,N/A,1.281,0.09909,N/A
1551,4326.T,58681147392,27.292074,0.462,0.07771,N/A
1552,SMCI,24000552960,20.401691,1.238,0.32469,0.61
1553,ACEL,924683392,19.631578,1.474,0.24351999,0.545
1554,9409.T,201606135808,11.049847,0.403,0.04422,0.216
1555,SDGR,1461753600,N/A,1.504,-0.37129003,N/A
1556,DDD,272490944,N/A,1.655,-0.63453996,N/A
1557,ISRG,170353147904,82.65345,1.395,0.15767999,0.237
1558,VC,2650814464,4.9958377,1.455,0.56984,2.629
1559,BLCO,5554820608,N/A,0.461,-0.06495,N/A
1560,GMRE,594272576,Infinity,1.273,0.00942,N/A
1561,AMAL,937694144,9.503105,0.924,0.16856001,0.243
1562,2337.T,155344093184,11.153,0.64,0.12717,1.543
1563,GPN,27988068352,20.183487,0.991,0.06343,0.4
1564,BRKR,9593837568,26.514643,1.18,0.22863,-0.871
1565,BEN,10224610304,12.142857,1.408,0.07579,-0.273
1566,3608.T,68985978880,21.006666,0.101,0.03403,-0.693
1567,FLTR.L,29931704320,N/A,1.232,-0.08562,2.919
1568,STGW,1754124032,N/A,1.601,0.058520004,N/A
1569,8074.T,107548164096,11.043289,0.443,0.09927,N/A
1570,3048.T,268243779584,30.245125,0.311,0.06278,11.161
1571,HRI,3753482240,11.099077,2.07,0.27516,-0.075
1572,QLYS,4450449920,26.747787,0.463,0.48413,0.232
1573,DFIN,1903436160,18.785099,1.36,0.25957,0.185
1574,8803.T,133896421376,25.544174,0.391,0.04679,-0.572
1575,XP,9753616384,13.284672,1.662,0.22253999,0.104
1576,CNM,7707340288,18.24762,1.04,0.23443002,-0.066
1577,ONTO,8920160256,53.919407,1.366,0.09517,1.024
1578,ONON,14200523776,79.21429,2.24,0.13651,8.22
1579,2792.T,44555976704,9.139232,0.52,0.14341,0.528
1580,COUR,1186284928,N/A,1.43,-0.15958,N/A
1581,AUDC,289349440,21.409092,0.873,0.07334,3.0
1582,FWONK,18575515648,70.50467,1.114,0.04132,-0.756
1583,RERE,529867808,N/A,-0.19,-0.03901,N/A
1584,5334.T,812999573504,9.319712,0.405,0.13829,0.181
1585,DOW,35957248000,31.666666,1.213,0.062480003,-0.089
1586,PSTL,419693024,160.55554,0.667,0.01413,-0.459
1587,7458.T,176142663680,14.25708,0.545,0.117419995,0.006
1588,ECV.DE,2750908416,141.75,0.806,0.02024,-0.583
1589,DAR,5604005888,15.388647,1.246,0.084130004,-0.684
1590,AMG,4927955968,9.621071,1.198,0.18146,-0.306
1591,FLYW,2160786688,N/A,0.981,-0.01263,N/A
1592,FORR,339077408,222.37502,0.873,0.00614,0.192
1593,3626.T,822769680384,17.123123,0.308,0.16166,0.089
1594,BIG,14746018,N/A,2.228,-1.51972,N/A
1595,UIS,368864896,N/A,0.781,N/A,N/A
1596,2971.T,40828170240,17.939219,0.463,0.05746,N/A
1597,IOT,25414189056,N/A,1.499,-0.27858,N/A
1598,SVV,1407775744,38.086956,N/A,0.18435,-0.75
1599,CERS,374299936,N/A,1.194,-0.47338,N/A
1600,AIV,1239078656,N/A,1.512,-0.34917998,N/A
1601,BC,5010455040,14.550001,1.51,0.17405,-0.222
1602,WSC,6881806336,38.03125,1.357,0.14185001,N/A
1603,7453.T,715622645760,19.267801,0.667,0.13071,0.562
1604,DCC.L,5082242048,1557.5758,0.744,0.10912,-0.015
1605,CARD.L,444939520,914.2857,2.061,0.16951999,-0.073
1606,WIX,8574129152,124.12698,1.474,N/A,0.214
1607,2471.T,28204285952,33.967648,0.807,0.17024,-0.43
1608,LQDT,656751936,34.69355,1.378,0.121400006,-0.095
1609,DRQ,530908384,N/A,0.842,-0.031159999,N/A
1610,NFG.L,459686048,911.0,1.506,0.39868,2.534
1611,9064.T,564491911168,21.051945,0.328,0.04719,N/A
1612,GRG.L,3200679168,2353.7312,1.427,0.28742,-0.088
1613,LYB,30811934720,13.33052,1.082,0.17465,0.293
1614,AWI,5273290752,22.06033,1.134,0.39183998,0.119
1615,BC8.DE,4596480000,17.623188,0.899,0.1552,-0.095
1616,ACTG,471762496,6.2666664,0.52,0.14303,N/A
1617,LSEA,426235936,18.650793,1.108,0.03847,-0.336
1618,3341.T,37612081152,21.443193,0.104,0.03061,N/A
1619,IQ,1986502272,8.28,0.052,0.14310999,-0.8
1620,CLVT,4815537664,N/A,1.174,-0.19308001,N/A
1621,LII,19779420160,30.802996,1.078,2.01594,0.126
1622,8309.T,2531556589568,23.25519,0.48,0.0366,0.833
1623,PGR,147217399808,21.497862,0.353,0.34451,3.351
1624,MRNA,29448577024,N/A,1.671,-0.40941003,N/A
1625,IVAC,91580360,N/A,0.802,-0.082650006,N/A
1626,TWI,559953856,18.046513,1.801,0.059699997,-0.938
1627,4568.T,10977933262848,48.309906,0.282,0.14113,0.5
1628,CRCT,1196515072,17.83871,0.019,0.14595,0.286
1629,6787.T,144404430848,11.933275,1.516,0.11921,0.398
1630,ALLE,11723956224,21.392687,1.123,0.43199003,0.099
1631,9433.T,9803604688896,15.948885,0.069,0.11472,0.036
1632,OCN.L,479168640,1026.5151,0.962,0.11976,-0.175
1633,VSEC,1525544448,37.990826,1.599,0.05481,N/A
1634,7564.T,355820470272,22.242628,0.761,0.13266,-0.012
1635,TSCO.L,25017917440,1474.8,0.515,0.14768,N/A
1636,PFD.L,1558629760,1390.7693,1.081,0.082329996,0.254
1637,9143.T,1003563450368,17.085506,0.512,0.10261,0.049
1638,GXO,5757066240,40.838985,1.67,0.05014,-0.411
1639,BGC,4779045376,40.333336,1.49,0.13543999,N/A
1640,3296.T,140603129856,16.051983,0.575,0.06691,N/A
1641,RGL.L,206662208,N/A,N/A,N/A,N/A
1642,PEN,7577668096,557.37146,0.548,0.0127799995,N/A
1643,7518.T,284492365824,18.910223,0.587,0.20156999,1.624
1644,9072.T,232218181632,13.873048,0.382,0.07082,0.121
1645,ENPH,13953883136,110.7957,1.725,0.13958,-0.927
1646,RUN,3865006848,N/A,2.585,-0.33449,1.173
1647,GAMA.L,1438300288,2730.909,0.819,0.1668,0.127
1648,2670.T,760927027200,18.453133,0.14,0.12505999,0.101
1649,SUP,87524880,N/A,3.491,-0.76096,N/A
1650,MATX,4213866240,13.265327,1.071,0.14145,0.465
1651,9260.T,59608973312,14.05667,0.574,0.050019998,-0.274
1652,DEQ.DE,1773251072,N/A,1.504,-0.00093999994,1.692
1653,KIDS,740718528,N/A,1.175,-0.06683,N/A
1654,HALO,7504404992,22.96124,1.278,1.5315601,0.286
1655,MATW,702826880,27.345238,1.061,0.05108,-0.795
1656,9842.T,106984210432,14.4638195,0.241,0.06954,-0.539
1657,KVHI,91276288,N/A,0.594,-0.14536001,N/A
1658,MOON.L,701879680,2035.0,1.238,N/A,-0.072
1659,NEO,1940312192,N/A,1.191,-0.083909996,N/A
1660,6055.T,170442342400,27.933996,0.585,0.13585,0.379
1661,UNP,152975720448,23.622766,1.053,0.43756,0.066
